[2025-06-06 16:56:31.230310] Недопустимые символы в data: 'Гараж, примыкающий к дому%Гараж отдельностоящий'
[2025-06-06 16:57:36.170612] Недопустимые символы в data: 'Гараж, примыкающий к дому%Гараж отдельностоящий'
[2025-06-08 14:44:53.924096] Недопустимые символы в data: 'Тишина и уединение, спокойствие%Много вариантов досуга с семьёй'
[2025-06-08 15:10:19.728965] Недопустимые символы в data: 'Умный дом, безопасность, автоматизация'
[2025-06-08 15:18:33.346896] Недопустимые символы в data: 'Умный дом, безопасность, автоматизация'
[2025-06-08 15:23:14.988923] Недопустимые символы в data: 'Умный дом, безопасность, автоматизация'
[2025-06-08 15:26:42.065177] Недопустимые символы в data: 'Умный дом, безопасность, автоматизация'
[2025-06-08 15:50:22.970872] Ошибка записи в файл 'C:/Users/ПК/Desktop/ИванДом БОТ/remake/data/73262536_id': [Errno 2] No such file or directory: 'C:/Users/ПК/Desktop/ИванДом БОТ/remake/data/73262536_id'
[2025-06-08 15:50:45.361489] Ошибка записи в файл 'C:/Users/ПК/Desktop/ИванДом БОТ/remake/data/73262536_id': [Errno 2] No such file or directory: 'C:/Users/ПК/Desktop/ИванДом БОТ/remake/data/73262536_id'
[2025-06-08 15:51:38.884488] Ошибка записи в файл 'C:/Users/ПК/Desktop/ИванДом БОТ/remake/data/73262536_id': [Errno 2] No such file or directory: 'C:/Users/ПК/Desktop/ИванДом БОТ/remake/data/73262536_id'
[2025-06-08 15:51:41.009906] Ошибка записи в файл 'C:/Users/ПК/Desktop/ИванДом БОТ/remake/data/73262536_id': [Errno 2] No such file or directory: 'C:/Users/ПК/Desktop/ИванДом БОТ/remake/data/73262536_id'
[2025-06-08 15:51:48.213509] Ошибка записи в файл 'C:/Users/ПК/Desktop/ИванДом БОТ/remake/data/73262536_id': [Errno 2] No such file or directory: 'C:/Users/ПК/Desktop/ИванДом БОТ/remake/data/73262536_id'
[2025-06-08 15:51:51.343900] Ошибка записи в файл 'C:/Users/ПК/Desktop/ИванДом БОТ/remake/data/73262536_id': [Errno 2] No such file or directory: 'C:/Users/ПК/Desktop/ИванДом БОТ/remake/data/73262536_id'
[2025-06-08 15:51:52.850438] Ошибка записи в файл 'C:/Users/ПК/Desktop/ИванДом БОТ/remake/data/73262536_id': [Errno 2] No such file or directory: 'C:/Users/ПК/Desktop/ИванДом БОТ/remake/data/73262536_id'
[2025-06-08 15:51:57.480342] Ошибка записи в файл 'C:/Users/ПК/Desktop/ИванДом БОТ/remake/data/73262536_id': [Errno 2] No such file or directory: 'C:/Users/ПК/Desktop/ИванДом БОТ/remake/data/73262536_id'
[2025-06-08 15:51:59.631524] Ошибка записи в файл 'C:/Users/ПК/Desktop/ИванДом БОТ/remake/data/73262536_id': [Errno 2] No such file or directory: 'C:/Users/ПК/Desktop/ИванДом БОТ/remake/data/73262536_id'
[2025-06-08 15:52:02.085823] Ошибка записи в файл 'C:/Users/ПК/Desktop/ИванДом БОТ/remake/data/73262536_id': [Errno 2] No such file or directory: 'C:/Users/ПК/Desktop/ИванДом БОТ/remake/data/73262536_id'
[2025-06-08 15:52:04.232723] Ошибка записи в файл 'C:/Users/ПК/Desktop/ИванДом БОТ/remake/data/73262536_id': [Errno 2] No such file or directory: 'C:/Users/ПК/Desktop/ИванДом БОТ/remake/data/73262536_id'
[2025-06-08 15:52:09.883727] Ошибка записи в файл 'C:/Users/ПК/Desktop/ИванДом БОТ/remake/data/73262536_id': [Errno 2] No such file or directory: 'C:/Users/ПК/Desktop/ИванДом БОТ/remake/data/73262536_id'
[2025-06-08 15:52:12.242363] Ошибка записи в файл 'C:/Users/ПК/Desktop/ИванДом БОТ/remake/data/73262536_id': [Errno 2] No such file or directory: 'C:/Users/ПК/Desktop/ИванДом БОТ/remake/data/73262536_id'
[2025-06-08 15:52:15.100882] Ошибка записи в файл 'C:/Users/ПК/Desktop/ИванДом БОТ/remake/data/73262536_id': [Errno 2] No such file or directory: 'C:/Users/ПК/Desktop/ИванДом БОТ/remake/data/73262536_id'
[2025-06-08 15:52:16.587427] Ошибка записи в файл 'C:/Users/ПК/Desktop/ИванДом БОТ/remake/data/73262536_id': [Errno 2] No such file or directory: 'C:/Users/ПК/Desktop/ИванДом БОТ/remake/data/73262536_id'
[2025-06-08 15:52:19.104647] Ошибка записи в файл 'C:/Users/ПК/Desktop/ИванДом БОТ/remake/data/73262536_id': [Errno 2] No such file or directory: 'C:/Users/ПК/Desktop/ИванДом БОТ/remake/data/73262536_id'
[2025-06-08 15:52:21.768190] Ошибка записи в файл 'C:/Users/ПК/Desktop/ИванДом БОТ/remake/data/73262536_id': [Errno 2] No such file or directory: 'C:/Users/ПК/Desktop/ИванДом БОТ/remake/data/73262536_id'
[2025-06-08 15:52:29.165933] Ошибка записи в файл 'C:/Users/ПК/Desktop/ИванДом БОТ/remake/data/73262536_id': [Errno 2] No such file or directory: 'C:/Users/ПК/Desktop/ИванДом БОТ/remake/data/73262536_id'
[2025-06-08 15:52:39.937296] Ошибка записи в файл 'C:/Users/ПК/Desktop/ИванДом БОТ/remake/data/73262536_id': [Errno 2] No such file or directory: 'C:/Users/ПК/Desktop/ИванДом БОТ/remake/data/73262536_id'
[2025-06-08 15:52:44.209592] Ошибка записи в файл 'C:/Users/ПК/Desktop/ИванДом БОТ/remake/data/73262536_id': [Errno 2] No such file or directory: 'C:/Users/ПК/Desktop/ИванДом БОТ/remake/data/73262536_id'
[2025-06-08 15:52:46.701834] Ошибка записи в файл 'C:/Users/ПК/Desktop/ИванДом БОТ/remake/data/73262536_id': [Errno 2] No such file or directory: 'C:/Users/ПК/Desktop/ИванДом БОТ/remake/data/73262536_id'
[2025-06-08 15:52:53.760689] Ошибка записи в файл 'C:/Users/ПК/Desktop/ИванДом БОТ/remake/data/73262536_id': [Errno 2] No such file or directory: 'C:/Users/ПК/Desktop/ИванДом БОТ/remake/data/73262536_id'
[2025-06-08 15:52:56.205626] Ошибка записи в файл 'C:/Users/ПК/Desktop/ИванДом БОТ/remake/data/73262536_id': [Errno 2] No such file or directory: 'C:/Users/ПК/Desktop/ИванДом БОТ/remake/data/73262536_id'
[2025-06-08 15:53:09.922934] Ошибка записи в файл 'C:/Users/ПК/Desktop/ИванДом БОТ/remake/data/73262536_id': [Errno 2] No such file or directory: 'C:/Users/ПК/Desktop/ИванДом БОТ/remake/data/73262536_id'
[2025-06-08 15:53:12.051676] Ошибка записи в файл 'C:/Users/ПК/Desktop/ИванДом БОТ/remake/data/73262536_id': [Errno 2] No such file or directory: 'C:/Users/ПК/Desktop/ИванДом БОТ/remake/data/73262536_id'
[2025-06-08 15:53:17.940573] Ошибка записи в файл 'C:/Users/ПК/Desktop/ИванДом БОТ/remake/data/73262536_id': [Errno 2] No such file or directory: 'C:/Users/ПК/Desktop/ИванДом БОТ/remake/data/73262536_id'
[2025-06-08 15:53:22.816035] Ошибка записи в файл 'C:/Users/ПК/Desktop/ИванДом БОТ/remake/data/73262536_id': [Errno 2] No such file or directory: 'C:/Users/ПК/Desktop/ИванДом БОТ/remake/data/73262536_id'
[2025-06-08 15:54:00.697450] Ошибка записи в файл 'C:/Users/ПК/Desktop/ИванДом БОТ/remake/data/73262536_id': [Errno 2] No such file or directory: 'C:/Users/ПК/Desktop/ИванДом БОТ/remake/data/73262536_id'
[2025-06-08 15:54:03.375856] Ошибка записи в файл 'C:/Users/ПК/Desktop/ИванДом БОТ/remake/data/73262536_id': [Errno 2] No such file or directory: 'C:/Users/ПК/Desktop/ИванДом БОТ/remake/data/73262536_id'
[2025-06-08 15:54:06.721223] Ошибка записи в файл 'C:/Users/ПК/Desktop/ИванДом БОТ/remake/data/73262536_id': [Errno 2] No such file or directory: 'C:/Users/ПК/Desktop/ИванДом БОТ/remake/data/73262536_id'
[2025-06-08 15:56:51.232340] Ошибка записи в файл 'C:/Users/ПК/Desktop/ИванДом БОТ/remake/data/73262536_id': [Errno 2] No such file or directory: 'C:/Users/ПК/Desktop/ИванДом БОТ/remake/data/73262536_id'
[2025-06-08 15:56:53.308272] Ошибка записи в файл 'C:/Users/ПК/Desktop/ИванДом БОТ/remake/data/73262536_id': [Errno 2] No such file or directory: 'C:/Users/ПК/Desktop/ИванДом БОТ/remake/data/73262536_id'
[2025-06-08 15:56:59.394803] Ошибка записи в файл 'C:/Users/ПК/Desktop/ИванДом БОТ/remake/data/73262536_id': [Errno 2] No such file or directory: 'C:/Users/ПК/Desktop/ИванДом БОТ/remake/data/73262536_id'
[2025-06-08 15:57:02.591012] Ошибка записи в файл 'C:/Users/ПК/Desktop/ИванДом БОТ/remake/data/73262536_id': [Errno 2] No such file or directory: 'C:/Users/ПК/Desktop/ИванДом БОТ/remake/data/73262536_id'
[2025-06-08 15:57:05.151134] Ошибка записи в файл 'C:/Users/ПК/Desktop/ИванДом БОТ/remake/data/73262536_id': [Errno 2] No such file or directory: 'C:/Users/ПК/Desktop/ИванДом БОТ/remake/data/73262536_id'
[2025-06-08 15:57:09.538359] Недопустимые символы в data: 'Умный дом, безопасность, автоматизация'
[2025-06-08 15:57:12.037400] Ошибка записи в файл 'C:/Users/ПК/Desktop/ИванДом БОТ/remake/data/73262536_id': [Errno 2] No such file or directory: 'C:/Users/ПК/Desktop/ИванДом БОТ/remake/data/73262536_id'
[2025-06-08 15:57:14.717726] Ошибка записи в файл 'C:/Users/ПК/Desktop/ИванДом БОТ/remake/data/73262536_id': [Errno 2] No such file or directory: 'C:/Users/ПК/Desktop/ИванДом БОТ/remake/data/73262536_id'
[2025-06-08 15:57:16.505181] Ошибка записи в файл 'C:/Users/ПК/Desktop/ИванДом БОТ/remake/data/73262536_id': [Errno 2] No such file or directory: 'C:/Users/ПК/Desktop/ИванДом БОТ/remake/data/73262536_id'
[2025-06-08 15:57:22.041646] Ошибка записи в файл 'C:/Users/ПК/Desktop/ИванДом БОТ/remake/data/73262536_id': [Errno 2] No such file or directory: 'C:/Users/ПК/Desktop/ИванДом БОТ/remake/data/73262536_id'
[2025-06-08 15:57:24.485460] Ошибка записи в файл 'C:/Users/ПК/Desktop/ИванДом БОТ/remake/data/73262536_id': [Errno 2] No such file or directory: 'C:/Users/ПК/Desktop/ИванДом БОТ/remake/data/73262536_id'
[2025-06-08 15:57:26.350278] Ошибка записи в файл 'C:/Users/ПК/Desktop/ИванДом БОТ/remake/data/73262536_id': [Errno 2] No such file or directory: 'C:/Users/ПК/Desktop/ИванДом БОТ/remake/data/73262536_id'
[2025-06-08 15:57:27.528591] Ошибка записи в файл 'C:/Users/ПК/Desktop/ИванДом БОТ/remake/data/73262536_id': [Errno 2] No such file or directory: 'C:/Users/ПК/Desktop/ИванДом БОТ/remake/data/73262536_id'
[2025-06-08 15:57:31.295609] Ошибка записи в файл 'C:/Users/ПК/Desktop/ИванДом БОТ/remake/data/73262536_id': [Errno 2] No such file or directory: 'C:/Users/ПК/Desktop/ИванДом БОТ/remake/data/73262536_id'
[2025-06-08 15:57:37.945118] Ошибка записи в файл 'C:/Users/ПК/Desktop/ИванДом БОТ/remake/data/73262536_id': [Errno 2] No such file or directory: 'C:/Users/ПК/Desktop/ИванДом БОТ/remake/data/73262536_id'
[2025-06-08 15:57:45.714408] Ошибка записи в файл 'C:/Users/ПК/Desktop/ИванДом БОТ/remake/data/73262536_id': [Errno 2] No such file or directory: 'C:/Users/ПК/Desktop/ИванДом БОТ/remake/data/73262536_id'
[2025-06-08 15:57:57.985428] Ошибка записи в файл 'C:/Users/ПК/Desktop/ИванДом БОТ/remake/data/73262536_id': [Errno 2] No such file or directory: 'C:/Users/ПК/Desktop/ИванДом БОТ/remake/data/73262536_id'
[2025-06-08 15:58:08.100719] Ошибка записи в файл 'C:/Users/ПК/Desktop/ИванДом БОТ/remake/data/73262536_id': [Errno 2] No such file or directory: 'C:/Users/ПК/Desktop/ИванДом БОТ/remake/data/73262536_id'
[2025-06-08 15:58:10.260628] Ошибка записи в файл 'C:/Users/ПК/Desktop/ИванДом БОТ/remake/data/73262536_id': [Errno 2] No such file or directory: 'C:/Users/ПК/Desktop/ИванДом БОТ/remake/data/73262536_id'
[2025-06-08 15:58:14.750171] Ошибка записи в файл 'C:/Users/ПК/Desktop/ИванДом БОТ/remake/data/73262536_id': [Errno 2] No such file or directory: 'C:/Users/ПК/Desktop/ИванДом БОТ/remake/data/73262536_id'
[2025-06-08 15:58:18.410048] Ошибка записи в файл 'C:/Users/ПК/Desktop/ИванДом БОТ/remake/data/73262536_id': [Errno 2] No such file or directory: 'C:/Users/ПК/Desktop/ИванДом БОТ/remake/data/73262536_id'
[2025-06-08 15:58:23.380185] Ошибка записи в файл 'C:/Users/ПК/Desktop/ИванДом БОТ/remake/data/73262536_id': [Errno 2] No such file or directory: 'C:/Users/ПК/Desktop/ИванДом БОТ/remake/data/73262536_id'
[2025-06-08 15:58:25.231633] Ошибка записи в файл 'C:/Users/ПК/Desktop/ИванДом БОТ/remake/data/73262536_id': [Errno 2] No such file or directory: 'C:/Users/ПК/Desktop/ИванДом БОТ/remake/data/73262536_id'
[2025-06-08 15:58:28.102538] Ошибка записи в файл 'C:/Users/ПК/Desktop/ИванДом БОТ/remake/data/73262536_id': [Errno 2] No such file or directory: 'C:/Users/ПК/Desktop/ИванДом БОТ/remake/data/73262536_id'
[2025-06-08 16:02:43.856703] Ошибка записи в файл 'C:/Users/ПК/Desktop/ИванДом БОТ/remake/data/73262536_id': [Errno 2] No such file or directory: 'C:/Users/ПК/Desktop/ИванДом БОТ/remake/data/73262536_id'
[2025-06-08 16:02:48.472444] Ошибка записи в файл 'C:/Users/ПК/Desktop/ИванДом БОТ/remake/data/73262536_id': [Errno 2] No such file or directory: 'C:/Users/ПК/Desktop/ИванДом БОТ/remake/data/73262536_id'
[2025-06-08 16:02:50.625605] Ошибка записи в файл 'C:/Users/ПК/Desktop/ИванДом БОТ/remake/data/73262536_id': [Errno 2] No such file or directory: 'C:/Users/ПК/Desktop/ИванДом БОТ/remake/data/73262536_id'
[2025-06-08 16:02:53.092241] Ошибка записи в файл 'C:/Users/ПК/Desktop/ИванДом БОТ/remake/data/73262536_id': [Errno 2] No such file or directory: 'C:/Users/ПК/Desktop/ИванДом БОТ/remake/data/73262536_id'
[2025-06-08 16:02:55.048781] Ошибка записи в файл 'C:/Users/ПК/Desktop/ИванДом БОТ/remake/data/73262536_id': [Errno 2] No such file or directory: 'C:/Users/ПК/Desktop/ИванДом БОТ/remake/data/73262536_id'
[2025-06-08 16:02:57.031545] Ошибка записи в файл 'C:/Users/ПК/Desktop/ИванДом БОТ/remake/data/73262536_id': [Errno 2] No such file or directory: 'C:/Users/ПК/Desktop/ИванДом БОТ/remake/data/73262536_id'
[2025-06-09 12:58:17.298261] Ошибка записи в файл 'C:/akuch/Desktop/remake/data\1751965432_id': [Errno 2] No such file or directory: 'C:/akuch/Desktop/remake/data\\1751965432_id'
[2025-06-09 12:58:22.672490] Ошибка записи в файл 'C:/akuch/Desktop/remake/data\1751965432_id': [Errno 2] No such file or directory: 'C:/akuch/Desktop/remake/data\\1751965432_id'
[2025-06-09 12:58:28.162851] Ошибка записи в файл 'C:/akuch/Desktop/remake/data\1751965432_id': [Errno 2] No such file or directory: 'C:/akuch/Desktop/remake/data\\1751965432_id'
[2025-06-10 15:40:46.569473] Ошибка записи в файл 'C:/akuch/Desktop/remake/data\1751965432_id': [Errno 2] No such file or directory: 'C:/akuch/Desktop/remake/data\\1751965432_id'
[2025-06-10 15:40:50.172242] Ошибка записи в файл 'C:/akuch/Desktop/remake/data\1751965432_id': [Errno 2] No such file or directory: 'C:/akuch/Desktop/remake/data\\1751965432_id'
[2025-06-10 15:40:53.889715] Ошибка записи в файл 'C:/akuch/Desktop/remake/data\1751965432_id': [Errno 2] No such file or directory: 'C:/akuch/Desktop/remake/data\\1751965432_id'
[2025-06-10 15:40:55.599100] Ошибка записи в файл 'C:/akuch/Desktop/remake/data\1751965432_id': [Errno 2] No such file or directory: 'C:/akuch/Desktop/remake/data\\1751965432_id'
[2025-06-10 15:40:56.882970] Ошибка записи в файл 'C:/akuch/Desktop/remake/data\1751965432_id': [Errno 2] No such file or directory: 'C:/akuch/Desktop/remake/data\\1751965432_id'
[2025-06-10 15:41:02.302068] Ошибка записи в файл 'C:/akuch/Desktop/remake/data\1751965432_id': [Errno 2] No such file or directory: 'C:/akuch/Desktop/remake/data\\1751965432_id'
[2025-06-10 15:41:04.201903] Ошибка записи в файл 'C:/akuch/Desktop/remake/data\1751965432_id': [Errno 2] No such file or directory: 'C:/akuch/Desktop/remake/data\\1751965432_id'
[2025-06-10 15:41:05.887877] Ошибка записи в файл 'C:/akuch/Desktop/remake/data\1751965432_id': [Errno 2] No such file or directory: 'C:/akuch/Desktop/remake/data\\1751965432_id'
[2025-06-10 15:41:06.864918] Ошибка записи в файл 'C:/akuch/Desktop/remake/data\1751965432_id': [Errno 2] No such file or directory: 'C:/akuch/Desktop/remake/data\\1751965432_id'
[2025-06-10 15:41:12.442335] Ошибка записи в файл 'C:/akuch/Desktop/remake/data\1751965432_id': [Errno 2] No such file or directory: 'C:/akuch/Desktop/remake/data\\1751965432_id'
[2025-06-10 15:41:15.107481] Ошибка записи в файл 'C:/akuch/Desktop/remake/data\1751965432_id': [Errno 2] No such file or directory: 'C:/akuch/Desktop/remake/data\\1751965432_id'
[2025-06-10 15:41:16.009639] Ошибка записи в файл 'C:/akuch/Desktop/remake/data\1751965432_id': [Errno 2] No such file or directory: 'C:/akuch/Desktop/remake/data\\1751965432_id'
[2025-06-10 15:41:17.293462] Ошибка записи в файл 'C:/akuch/Desktop/remake/data\1751965432_id': [Errno 2] No such file or directory: 'C:/akuch/Desktop/remake/data\\1751965432_id'
[2025-06-10 15:42:06.457975] Ошибка записи в файл 'C:/akuch/Desktop/remake/data\7893334425_id': [Errno 2] No such file or directory: 'C:/akuch/Desktop/remake/data\\7893334425_id'
[2025-06-10 15:42:12.436317] Ошибка записи в файл 'C:/akuch/Desktop/remake/data\7893334425_id': [Errno 2] No such file or directory: 'C:/akuch/Desktop/remake/data\\7893334425_id'
[2025-06-10 15:42:16.955712] Ошибка записи в файл 'C:/akuch/Desktop/remake/data\7893334425_id': [Errno 2] No such file or directory: 'C:/akuch/Desktop/remake/data\\7893334425_id'
[2025-06-10 15:42:18.155287] Ошибка записи в файл 'C:/akuch/Desktop/remake/data\7893334425_id': [Errno 2] No such file or directory: 'C:/akuch/Desktop/remake/data\\7893334425_id'
[2025-06-10 15:42:25.402964] Ошибка записи в файл 'C:/akuch/Desktop/remake/data\7893334425_id': [Errno 2] No such file or directory: 'C:/akuch/Desktop/remake/data\\7893334425_id'
[2025-06-10 15:42:26.954259] Ошибка записи в файл 'C:/akuch/Desktop/remake/data\7893334425_id': [Errno 2] No such file or directory: 'C:/akuch/Desktop/remake/data\\7893334425_id'
[2025-06-10 15:42:29.482844] Ошибка записи в файл 'C:/akuch/Desktop/remake/data\7893334425_id': [Errno 2] No such file or directory: 'C:/akuch/Desktop/remake/data\\7893334425_id'
[2025-06-10 15:42:33.328794] Ошибка записи в файл 'C:/akuch/Desktop/remake/data\7893334425_id': [Errno 2] No such file or directory: 'C:/akuch/Desktop/remake/data\\7893334425_id'
[2025-06-10 15:42:36.026489] Ошибка записи в файл 'C:/akuch/Desktop/remake/data\7893334425_id': [Errno 2] No such file or directory: 'C:/akuch/Desktop/remake/data\\7893334425_id'
[2025-06-10 15:42:38.160977] Ошибка записи в файл 'C:/akuch/Desktop/remake/data\7893334425_id': [Errno 2] No such file or directory: 'C:/akuch/Desktop/remake/data\\7893334425_id'
[2025-06-10 15:42:39.253091] Ошибка записи в файл 'C:/akuch/Desktop/remake/data\7893334425_id': [Errno 2] No such file or directory: 'C:/akuch/Desktop/remake/data\\7893334425_id'
[2025-06-10 15:42:40.766634] Ошибка записи в файл 'C:/akuch/Desktop/remake/data\7893334425_id': [Errno 2] No such file or directory: 'C:/akuch/Desktop/remake/data\\7893334425_id'
[2025-06-10 16:16:47.308367] Ошибка записи в файл 'C:/akuch/Desktop/remake/data\1751965432_id': [Errno 2] No such file or directory: 'C:/akuch/Desktop/remake/data\\1751965432_id'
[2025-06-10 16:16:58.906604] Ошибка записи в файл 'C:/akuch/Desktop/remake/data\1751965432_id': [Errno 2] No such file or directory: 'C:/akuch/Desktop/remake/data\\1751965432_id'
[2025-06-10 16:17:03.848918] Ошибка записи в файл 'C:/akuch/Desktop/remake/data\1751965432_id': [Errno 2] No such file or directory: 'C:/akuch/Desktop/remake/data\\1751965432_id'
[2025-06-10 16:17:08.748248] Ошибка записи в файл 'C:/akuch/Desktop/remake/data\1751965432_id': [Errno 2] No such file or directory: 'C:/akuch/Desktop/remake/data\\1751965432_id'
[2025-06-10 16:17:11.149549] Ошибка записи в файл 'C:/akuch/Desktop/remake/data\1751965432_id': [Errno 2] No such file or directory: 'C:/akuch/Desktop/remake/data\\1751965432_id'
[2025-06-10 16:18:00.393573] Ошибка записи в файл 'C:/akuch/Desktop/remake/data\1751965432_id': [Errno 2] No such file or directory: 'C:/akuch/Desktop/remake/data\\1751965432_id'
[2025-06-10 16:18:03.604774] Ошибка записи в файл 'C:/akuch/Desktop/remake/data\1751965432_id': [Errno 2] No such file or directory: 'C:/akuch/Desktop/remake/data\\1751965432_id'
[2025-06-10 16:18:08.916258] Ошибка записи в файл 'C:/akuch/Desktop/remake/data\1751965432_id': [Errno 2] No such file or directory: 'C:/akuch/Desktop/remake/data\\1751965432_id'
[2025-06-10 16:18:10.598877] Ошибка записи в файл 'C:/akuch/Desktop/remake/data\1751965432_id': [Errno 2] No such file or directory: 'C:/akuch/Desktop/remake/data\\1751965432_id'
[2025-06-10 16:18:11.802103] Ошибка записи в файл 'C:/akuch/Desktop/remake/data\1751965432_id': [Errno 2] No such file or directory: 'C:/akuch/Desktop/remake/data\\1751965432_id'
[2025-06-10 16:18:16.585160] Ошибка записи в файл 'C:/akuch/Desktop/remake/data\1751965432_id': [Errno 2] No such file or directory: 'C:/akuch/Desktop/remake/data\\1751965432_id'
[2025-06-10 16:18:27.000951] Ошибка записи в файл 'C:/akuch/Desktop/remake/data\1751965432_id': [Errno 2] No such file or directory: 'C:/akuch/Desktop/remake/data\\1751965432_id'
[2025-06-10 16:18:28.827985] Ошибка записи в файл 'C:/akuch/Desktop/remake/data\1751965432_id': [Errno 2] No such file or directory: 'C:/akuch/Desktop/remake/data\\1751965432_id'
[2025-06-10 16:18:29.954467] Ошибка записи в файл 'C:/akuch/Desktop/remake/data\1751965432_id': [Errno 2] No such file or directory: 'C:/akuch/Desktop/remake/data\\1751965432_id'
[2025-06-10 16:18:33.774887] Ошибка записи в файл 'C:/akuch/Desktop/remake/data\1751965432_id': [Errno 2] No such file or directory: 'C:/akuch/Desktop/remake/data\\1751965432_id'
[2025-06-10 16:18:36.353245] Ошибка записи в файл 'C:/akuch/Desktop/remake/data\1751965432_id': [Errno 2] No such file or directory: 'C:/akuch/Desktop/remake/data\\1751965432_id'
[2025-06-10 16:18:38.238061] Ошибка записи в файл 'C:/akuch/Desktop/remake/data\1751965432_id': [Errno 2] No such file or directory: 'C:/akuch/Desktop/remake/data\\1751965432_id'
[2025-06-10 16:18:39.167701] Ошибка записи в файл 'C:/akuch/Desktop/remake/data\1751965432_id': [Errno 2] No such file or directory: 'C:/akuch/Desktop/remake/data\\1751965432_id'
[2025-06-10 16:18:40.311180] Ошибка записи в файл 'C:/akuch/Desktop/remake/data\1751965432_id': [Errno 2] No such file or directory: 'C:/akuch/Desktop/remake/data\\1751965432_id'
[2025-06-10 16:18:42.414018] Ошибка записи в файл 'C:/akuch/Desktop/remake/data\1751965432_id': [Errno 2] No such file or directory: 'C:/akuch/Desktop/remake/data\\1751965432_id'
[2025-06-10 16:18:44.169859] Ошибка записи в файл 'C:/akuch/Desktop/remake/data\1751965432_id': [Errno 2] No such file or directory: 'C:/akuch/Desktop/remake/data\\1751965432_id'
[2025-06-10 16:18:51.048754] Ошибка записи в файл 'C:/akuch/Desktop/remake/data\1751965432_id': [Errno 2] No such file or directory: 'C:/akuch/Desktop/remake/data\\1751965432_id'
[2025-06-10 16:18:53.465235] Ошибка записи в файл 'C:/akuch/Desktop/remake/data\1751965432_id': [Errno 2] No such file or directory: 'C:/akuch/Desktop/remake/data\\1751965432_id'
[2025-06-10 16:20:14.962540] Ошибка записи в файл 'C:/akuch/Desktop/remake/data\1751965432_id': [Errno 2] No such file or directory: 'C:/akuch/Desktop/remake/data\\1751965432_id'
[2025-06-10 16:20:16.164567] Ошибка записи в файл 'C:/akuch/Desktop/remake/data\1751965432_id': [Errno 2] No such file or directory: 'C:/akuch/Desktop/remake/data\\1751965432_id'
[2025-06-10 16:20:20.317906] Ошибка записи в файл 'C:/akuch/Desktop/remake/data\1751965432_id': [Errno 2] No such file or directory: 'C:/akuch/Desktop/remake/data\\1751965432_id'
[2025-06-10 16:20:21.716694] Ошибка записи в файл 'C:/akuch/Desktop/remake/data\1751965432_id': [Errno 2] No such file or directory: 'C:/akuch/Desktop/remake/data\\1751965432_id'
[2025-06-10 16:20:27.910360] Ошибка записи в файл 'C:/akuch/Desktop/remake/data\1751965432_id': [Errno 2] No such file or directory: 'C:/akuch/Desktop/remake/data\\1751965432_id'
[2025-06-10 16:20:29.228851] Ошибка записи в файл 'C:/akuch/Desktop/remake/data\1751965432_id': [Errno 2] No such file or directory: 'C:/akuch/Desktop/remake/data\\1751965432_id'
[2025-06-10 16:20:36.969824] Ошибка записи в файл 'C:/akuch/Desktop/remake/data\1751965432_id': [Errno 2] No such file or directory: 'C:/akuch/Desktop/remake/data\\1751965432_id'
[2025-06-10 16:20:38.999759] Ошибка записи в файл 'C:/akuch/Desktop/remake/data\1751965432_id': [Errno 2] No such file or directory: 'C:/akuch/Desktop/remake/data\\1751965432_id'
[2025-06-10 16:20:42.208317] Ошибка записи в файл 'C:/akuch/Desktop/remake/data\1751965432_id': [Errno 2] No such file or directory: 'C:/akuch/Desktop/remake/data\\1751965432_id'
[2025-06-10 16:20:44.726230] Ошибка записи в файл 'C:/akuch/Desktop/remake/data\1751965432_id': [Errno 2] No such file or directory: 'C:/akuch/Desktop/remake/data\\1751965432_id'
[2025-06-10 16:20:50.177072] Ошибка записи в файл 'C:/akuch/Desktop/remake/data\1751965432_id': [Errno 2] No such file or directory: 'C:/akuch/Desktop/remake/data\\1751965432_id'
[2025-06-10 16:20:51.967883] Ошибка записи в файл 'C:/akuch/Desktop/remake/data\1751965432_id': [Errno 2] No such file or directory: 'C:/akuch/Desktop/remake/data\\1751965432_id'
[2025-06-10 16:20:52.961436] Ошибка записи в файл 'C:/akuch/Desktop/remake/data\1751965432_id': [Errno 2] No such file or directory: 'C:/akuch/Desktop/remake/data\\1751965432_id'
[2025-06-10 16:20:54.520443] Ошибка записи в файл 'C:/akuch/Desktop/remake/data\1751965432_id': [Errno 2] No such file or directory: 'C:/akuch/Desktop/remake/data\\1751965432_id'
[2025-06-10 16:20:56.750278] Ошибка записи в файл 'C:/akuch/Desktop/remake/data\1751965432_id': [Errno 2] No such file or directory: 'C:/akuch/Desktop/remake/data\\1751965432_id'
[2025-06-10 16:20:57.949438] Ошибка записи в файл 'C:/akuch/Desktop/remake/data\1751965432_id': [Errno 2] No such file or directory: 'C:/akuch/Desktop/remake/data\\1751965432_id'
[2025-06-10 16:21:01.266300] Ошибка записи в файл 'C:/akuch/Desktop/remake/data\1751965432_id': [Errno 2] No such file or directory: 'C:/akuch/Desktop/remake/data\\1751965432_id'
[2025-06-10 16:21:02.505555] Ошибка записи в файл 'C:/akuch/Desktop/remake/data\1751965432_id': [Errno 2] No such file or directory: 'C:/akuch/Desktop/remake/data\\1751965432_id'
[2025-06-10 16:21:15.099702] Ошибка записи в файл 'C:/akuch/Desktop/remake/data\1751965432_id': [Errno 2] No such file or directory: 'C:/akuch/Desktop/remake/data\\1751965432_id'
[2025-06-10 16:23:26.023157] Ошибка записи в файл 'C:/akuch/Desktop/remake/data\1751965432_id': [Errno 2] No such file or directory: 'C:/akuch/Desktop/remake/data\\1751965432_id'
[2025-06-10 16:23:27.787852] Ошибка записи в файл 'C:/akuch/Desktop/remake/data\1751965432_id': [Errno 2] No such file or directory: 'C:/akuch/Desktop/remake/data\\1751965432_id'
[2025-06-10 16:23:29.115869] Ошибка записи в файл 'C:/akuch/Desktop/remake/data\1751965432_id': [Errno 2] No such file or directory: 'C:/akuch/Desktop/remake/data\\1751965432_id'
[2025-06-10 16:23:32.937007] Ошибка записи в файл 'C:/akuch/Desktop/remake/data\1751965432_id': [Errno 2] No such file or directory: 'C:/akuch/Desktop/remake/data\\1751965432_id'
[2025-06-10 16:23:34.545888] Ошибка записи в файл 'C:/akuch/Desktop/remake/data\1751965432_id': [Errno 2] No such file or directory: 'C:/akuch/Desktop/remake/data\\1751965432_id'
[2025-06-10 16:23:35.780397] Ошибка записи в файл 'C:/akuch/Desktop/remake/data\1751965432_id': [Errno 2] No such file or directory: 'C:/akuch/Desktop/remake/data\\1751965432_id'
[2025-06-10 16:23:36.858986] Ошибка записи в файл 'C:/akuch/Desktop/remake/data\1751965432_id': [Errno 2] No such file or directory: 'C:/akuch/Desktop/remake/data\\1751965432_id'
[2025-06-10 16:23:37.924779] Ошибка записи в файл 'C:/akuch/Desktop/remake/data\1751965432_id': [Errno 2] No such file or directory: 'C:/akuch/Desktop/remake/data\\1751965432_id'
[2025-06-10 16:23:40.991487] Ошибка записи в файл 'C:/akuch/Desktop/remake/data\1751965432_id': [Errno 2] No such file or directory: 'C:/akuch/Desktop/remake/data\\1751965432_id'
[2025-06-10 16:23:42.619506] Ошибка записи в файл 'C:/akuch/Desktop/remake/data\1751965432_id': [Errno 2] No such file or directory: 'C:/akuch/Desktop/remake/data\\1751965432_id'
[2025-06-10 16:23:45.110272] Ошибка записи в файл 'C:/akuch/Desktop/remake/data\1751965432_id': [Errno 2] No such file or directory: 'C:/akuch/Desktop/remake/data\\1751965432_id'
[2025-06-10 16:23:46.658048] Ошибка записи в файл 'C:/akuch/Desktop/remake/data\1751965432_id': [Errno 2] No such file or directory: 'C:/akuch/Desktop/remake/data\\1751965432_id'
[2025-06-10 16:23:48.496456] Ошибка записи в файл 'C:/akuch/Desktop/remake/data\1751965432_id': [Errno 2] No such file or directory: 'C:/akuch/Desktop/remake/data\\1751965432_id'
[2025-06-10 16:23:49.701674] Ошибка записи в файл 'C:/akuch/Desktop/remake/data\1751965432_id': [Errno 2] No such file or directory: 'C:/akuch/Desktop/remake/data\\1751965432_id'
[2025-06-10 16:23:51.123411] Ошибка записи в файл 'C:/akuch/Desktop/remake/data\1751965432_id': [Errno 2] No such file or directory: 'C:/akuch/Desktop/remake/data\\1751965432_id'
[2025-06-10 16:23:56.166717] Ошибка записи в файл 'C:/akuch/Desktop/remake/data\1751965432_id': [Errno 2] No such file or directory: 'C:/akuch/Desktop/remake/data\\1751965432_id'
[2025-06-10 16:23:57.961636] Ошибка записи в файл 'C:/akuch/Desktop/remake/data\1751965432_id': [Errno 2] No such file or directory: 'C:/akuch/Desktop/remake/data\\1751965432_id'
[2025-06-10 16:24:45.384117] Ошибка записи в файл 'C:/akuch/Desktop/remake/data\1751965432_id': [Errno 2] No such file or directory: 'C:/akuch/Desktop/remake/data\\1751965432_id'
[2025-06-10 16:25:04.168635] Ошибка записи в файл 'C:/akuch/Desktop/remake/data\1751965432_id': [Errno 2] No such file or directory: 'C:/akuch/Desktop/remake/data\\1751965432_id'
[2025-06-10 16:25:06.283979] Ошибка записи в файл 'C:/akuch/Desktop/remake/data\1751965432_id': [Errno 2] No such file or directory: 'C:/akuch/Desktop/remake/data\\1751965432_id'
[2025-06-10 16:25:08.178884] Ошибка записи в файл 'C:/akuch/Desktop/remake/data\1751965432_id': [Errno 2] No such file or directory: 'C:/akuch/Desktop/remake/data\\1751965432_id'
[2025-06-10 16:25:10.991116] Ошибка записи в файл 'C:/akuch/Desktop/remake/data\1751965432_id': [Errno 2] No such file or directory: 'C:/akuch/Desktop/remake/data\\1751965432_id'
[2025-06-10 16:25:13.282534] Ошибка записи в файл 'C:/akuch/Desktop/remake/data\1751965432_id': [Errno 2] No such file or directory: 'C:/akuch/Desktop/remake/data\\1751965432_id'
[2025-06-10 16:25:15.435694] Ошибка записи в файл 'C:/akuch/Desktop/remake/data\1751965432_id': [Errno 2] No such file or directory: 'C:/akuch/Desktop/remake/data\\1751965432_id'
[2025-06-10 16:26:54.288543] Ошибка записи в файл 'C:/akuch/Desktop/remake/data\1751965432_id': [Errno 2] No such file or directory: 'C:/akuch/Desktop/remake/data\\1751965432_id'
[2025-06-10 16:26:57.966635] Ошибка записи в файл 'C:/akuch/Desktop/remake/data\1751965432_id': [Errno 2] No such file or directory: 'C:/akuch/Desktop/remake/data\\1751965432_id'
[2025-06-10 16:27:21.628185] Ошибка записи в файл 'C:/akuch/Desktop/remake/data\1751965432_id': [Errno 2] No such file or directory: 'C:/akuch/Desktop/remake/data\\1751965432_id'
[2025-06-10 16:27:23.891131] Ошибка записи в файл 'C:/akuch/Desktop/remake/data\1751965432_id': [Errno 2] No such file or directory: 'C:/akuch/Desktop/remake/data\\1751965432_id'
[2025-06-10 16:27:25.474406] Ошибка записи в файл 'C:/akuch/Desktop/remake/data\1751965432_id': [Errno 2] No such file or directory: 'C:/akuch/Desktop/remake/data\\1751965432_id'
[2025-06-10 16:27:26.596989] Ошибка записи в файл 'C:/akuch/Desktop/remake/data\1751965432_id': [Errno 2] No such file or directory: 'C:/akuch/Desktop/remake/data\\1751965432_id'
[2025-06-10 16:28:57.557668] Ошибка записи в файл 'C:/akuch/Desktop/remake/data\1751965432_id': [Errno 2] No such file or directory: 'C:/akuch/Desktop/remake/data\\1751965432_id'
[2025-06-10 16:29:05.554345] Ошибка записи в файл 'C:/akuch/Desktop/remake/data\1751965432_id': [Errno 2] No such file or directory: 'C:/akuch/Desktop/remake/data\\1751965432_id'
[2025-06-10 16:29:10.839033] Ошибка записи в файл 'C:/akuch/Desktop/remake/data\1751965432_id': [Errno 2] No such file or directory: 'C:/akuch/Desktop/remake/data\\1751965432_id'
[2025-06-10 16:29:16.252033] Ошибка записи в файл 'C:/akuch/Desktop/remake/data\1751965432_id': [Errno 2] No such file or directory: 'C:/akuch/Desktop/remake/data\\1751965432_id'
[2025-06-10 16:29:20.537307] Ошибка записи в файл 'C:/akuch/Desktop/remake/data\1751965432_id': [Errno 2] No such file or directory: 'C:/akuch/Desktop/remake/data\\1751965432_id'
[2025-06-10 16:29:25.774096] Ошибка записи в файл 'C:/akuch/Desktop/remake/data\1751965432_id': [Errno 2] No such file or directory: 'C:/akuch/Desktop/remake/data\\1751965432_id'
[2025-06-10 16:29:27.902184] Ошибка записи в файл 'C:/akuch/Desktop/remake/data\1751965432_id': [Errno 2] No such file or directory: 'C:/akuch/Desktop/remake/data\\1751965432_id'
[2025-06-10 16:29:31.302979] Ошибка записи в файл 'C:/akuch/Desktop/remake/data\1751965432_id': [Errno 2] No such file or directory: 'C:/akuch/Desktop/remake/data\\1751965432_id'
[2025-06-10 16:29:34.581622] Ошибка записи в файл 'C:/akuch/Desktop/remake/data\1751965432_id': [Errno 2] No such file or directory: 'C:/akuch/Desktop/remake/data\\1751965432_id'
[2025-06-10 16:29:38.707149] Ошибка записи в файл 'C:/akuch/Desktop/remake/data\1751965432_id': [Errno 2] No such file or directory: 'C:/akuch/Desktop/remake/data\\1751965432_id'
[2025-06-10 16:29:40.732701] Ошибка записи в файл 'C:/akuch/Desktop/remake/data\1751965432_id': [Errno 2] No such file or directory: 'C:/akuch/Desktop/remake/data\\1751965432_id'
[2025-06-10 16:29:41.546953] Ошибка записи в файл 'C:/akuch/Desktop/remake/data\1751965432_id': [Errno 2] No such file or directory: 'C:/akuch/Desktop/remake/data\\1751965432_id'
[2025-06-10 16:29:42.380012] Ошибка записи в файл 'C:/akuch/Desktop/remake/data\1751965432_id': [Errno 2] No such file or directory: 'C:/akuch/Desktop/remake/data\\1751965432_id'
[2025-06-10 16:29:46.199722] Ошибка записи в файл 'C:/akuch/Desktop/remake/data\1751965432_id': [Errno 2] No such file or directory: 'C:/akuch/Desktop/remake/data\\1751965432_id'
[2025-06-10 16:29:47.050127] Ошибка записи в файл 'C:/akuch/Desktop/remake/data\1751965432_id': [Errno 2] No such file or directory: 'C:/akuch/Desktop/remake/data\\1751965432_id'
[2025-06-10 16:29:48.641171] Ошибка записи в файл 'C:/akuch/Desktop/remake/data\1751965432_id': [Errno 2] No such file or directory: 'C:/akuch/Desktop/remake/data\\1751965432_id'
[2025-06-10 16:29:50.524116] Ошибка записи в файл 'C:/akuch/Desktop/remake/data\1751965432_id': [Errno 2] No such file or directory: 'C:/akuch/Desktop/remake/data\\1751965432_id'
[2025-06-10 16:29:52.529218] Ошибка записи в файл 'C:/akuch/Desktop/remake/data\1751965432_id': [Errno 2] No such file or directory: 'C:/akuch/Desktop/remake/data\\1751965432_id'
[2025-06-10 16:29:54.061550] Ошибка записи в файл 'C:/akuch/Desktop/remake/data\1751965432_id': [Errno 2] No such file or directory: 'C:/akuch/Desktop/remake/data\\1751965432_id'
[2025-06-10 16:29:55.447649] Ошибка записи в файл 'C:/akuch/Desktop/remake/data\1751965432_id': [Errno 2] No such file or directory: 'C:/akuch/Desktop/remake/data\\1751965432_id'
[2025-06-10 16:29:58.069260] Ошибка записи в файл 'C:/akuch/Desktop/remake/data\1751965432_id': [Errno 2] No such file or directory: 'C:/akuch/Desktop/remake/data\\1751965432_id'
[2025-06-10 16:31:29.370617] Ошибка записи в файл 'C:/akuch/Desktop/remake/data\1751965432_id': [Errno 2] No such file or directory: 'C:/akuch/Desktop/remake/data\\1751965432_id'
[2025-06-10 16:31:30.469325] Ошибка записи в файл 'C:/akuch/Desktop/remake/data\1751965432_id': [Errno 2] No such file or directory: 'C:/akuch/Desktop/remake/data\\1751965432_id'
[2025-06-10 16:31:31.446744] Ошибка записи в файл 'C:/akuch/Desktop/remake/data\1751965432_id': [Errno 2] No such file or directory: 'C:/akuch/Desktop/remake/data\\1751965432_id'
[2025-06-10 16:31:33.560594] Ошибка записи в файл 'C:/akuch/Desktop/remake/data\1751965432_id': [Errno 2] No such file or directory: 'C:/akuch/Desktop/remake/data\\1751965432_id'
[2025-06-10 16:31:34.909184] Ошибка записи в файл 'C:/akuch/Desktop/remake/data\1751965432_id': [Errno 2] No such file or directory: 'C:/akuch/Desktop/remake/data\\1751965432_id'
[2025-06-10 17:58:14.185098] Недопустимые символы в data: 'Энергоэффективность и экологичность%Умный дом, безопасность, автоматизация'
[2025-06-10 18:02:40.355344] Недопустимые символы в data: 'Умный дом, безопасность, автоматизация'
[2025-06-10 20:30:34.306921] Недопустимые символы в data: 'Умный дом, безопасность, автоматизация%Энергоэффективность и экологичность'
[2025-06-10 20:50:36.567223] Недопустимые символы в data: 'Умный дом, безопасность, автоматизация%Энергоэффективность и экологичность'
[2025-06-11 05:50:05.451450] Недопустимые символы в data: 'Умный дом, безопасность, автоматизация%Энергоэффективность и экологичность'
[2025-06-11 08:24:55.471029] Недопустимые символы в data: 'Образ дома отражает мой стиль и вкус%Тишина и уединение, спокойствие'
[2025-06-11 08:38:08.963525] Недопустимые символы в data: 'Терраса у дома%Навес для авто, примыкающий к дому'
[2025-06-11 09:45:07.396096] Недопустимые символы в data: 'Умный дом, безопасность, автоматизация%Энергоэффективность и экологичность'
[2025-06-11 10:57:05.205528] Недопустимые символы в data: 'Умный дом, безопасность, автоматизация%Энергоэффективность и экологичность'
[2025-06-11 12:50:03.978936] Ошибка записи в файл 'C:/Users/ПК/Desktop/akuch/remake/data/1751965432_id': [Errno 2] No such file or directory: 'C:/Users/ПК/Desktop/akuch/remake/data/1751965432_id'
[2025-06-11 12:50:06.408055] Ошибка записи в файл 'C:/Users/ПК/Desktop/akuch/remake/data/1751965432_id': [Errno 2] No such file or directory: 'C:/Users/ПК/Desktop/akuch/remake/data/1751965432_id'
[2025-06-11 12:50:13.828332] Ошибка записи в файл 'C:/Users/ПК/Desktop/akuch/remake/data/1751965432_id': [Errno 2] No such file or directory: 'C:/Users/ПК/Desktop/akuch/remake/data/1751965432_id'
[2025-06-11 12:50:17.197994] Ошибка записи в файл 'C:/Users/ПК/Desktop/akuch/remake/data/1751965432_id': [Errno 2] No such file or directory: 'C:/Users/ПК/Desktop/akuch/remake/data/1751965432_id'
[2025-06-11 12:50:19.133187] Ошибка записи в файл 'C:/Users/ПК/Desktop/akuch/remake/data/1751965432_id': [Errno 2] No such file or directory: 'C:/Users/ПК/Desktop/akuch/remake/data/1751965432_id'
[2025-06-11 12:50:23.808517] Недопустимые символы в data: 'Умный дом, безопасность, автоматизация'
[2025-06-11 12:50:25.526612] Ошибка записи в файл 'C:/Users/ПК/Desktop/akuch/remake/data/1751965432_id': [Errno 2] No such file or directory: 'C:/Users/ПК/Desktop/akuch/remake/data/1751965432_id'
[2025-06-11 12:50:27.793935] Ошибка записи в файл 'C:/Users/ПК/Desktop/akuch/remake/data/1751965432_id': [Errno 2] No such file or directory: 'C:/Users/ПК/Desktop/akuch/remake/data/1751965432_id'
[2025-06-11 12:50:28.847318] Ошибка записи в файл 'C:/Users/ПК/Desktop/akuch/remake/data/1751965432_id': [Errno 2] No such file or directory: 'C:/Users/ПК/Desktop/akuch/remake/data/1751965432_id'
[2025-06-11 12:50:36.261716] Ошибка записи в файл 'C:/Users/ПК/Desktop/akuch/remake/data/1751965432_id': [Errno 2] No such file or directory: 'C:/Users/ПК/Desktop/akuch/remake/data/1751965432_id'
[2025-06-11 12:50:40.247867] Ошибка записи в файл 'C:/Users/ПК/Desktop/akuch/remake/data/1751965432_id': [Errno 2] No such file or directory: 'C:/Users/ПК/Desktop/akuch/remake/data/1751965432_id'
[2025-06-11 12:50:41.479833] Ошибка записи в файл 'C:/Users/ПК/Desktop/akuch/remake/data/1751965432_id': [Errno 2] No such file or directory: 'C:/Users/ПК/Desktop/akuch/remake/data/1751965432_id'
[2025-06-11 12:50:42.541326] Ошибка записи в файл 'C:/Users/ПК/Desktop/akuch/remake/data/1751965432_id': [Errno 2] No such file or directory: 'C:/Users/ПК/Desktop/akuch/remake/data/1751965432_id'
[2025-06-11 12:50:46.603025] Ошибка записи в файл 'C:/Users/ПК/Desktop/akuch/remake/data/1751965432_id': [Errno 2] No such file or directory: 'C:/Users/ПК/Desktop/akuch/remake/data/1751965432_id'
[2025-06-11 12:50:49.211443] Ошибка записи в файл 'C:/Users/ПК/Desktop/akuch/remake/data/1751965432_id': [Errno 2] No such file or directory: 'C:/Users/ПК/Desktop/akuch/remake/data/1751965432_id'
[2025-06-11 12:50:55.195860] Ошибка записи в файл 'C:/Users/ПК/Desktop/akuch/remake/data/1751965432_id': [Errno 2] No such file or directory: 'C:/Users/ПК/Desktop/akuch/remake/data/1751965432_id'
[2025-06-11 12:50:58.785950] Ошибка записи в файл 'C:/Users/ПК/Desktop/akuch/remake/data/1751965432_id': [Errno 2] No such file or directory: 'C:/Users/ПК/Desktop/akuch/remake/data/1751965432_id'
[2025-06-11 12:51:03.637444] Ошибка записи в файл 'C:/Users/ПК/Desktop/akuch/remake/data/1751965432_id': [Errno 2] No such file or directory: 'C:/Users/ПК/Desktop/akuch/remake/data/1751965432_id'
[2025-06-11 12:51:06.724316] Ошибка записи в файл 'C:/Users/ПК/Desktop/akuch/remake/data/1751965432_id': [Errno 2] No such file or directory: 'C:/Users/ПК/Desktop/akuch/remake/data/1751965432_id'
[2025-06-11 12:51:17.716693] Ошибка записи в файл 'C:/Users/ПК/Desktop/akuch/remake/data/1751965432_id': [Errno 2] No such file or directory: 'C:/Users/ПК/Desktop/akuch/remake/data/1751965432_id'
[2025-06-11 12:51:24.813704] Ошибка записи в файл 'C:/Users/ПК/Desktop/akuch/remake/data/1751965432_id': [Errno 2] No such file or directory: 'C:/Users/ПК/Desktop/akuch/remake/data/1751965432_id'
[2025-06-11 12:51:26.416792] Ошибка записи в файл 'C:/Users/ПК/Desktop/akuch/remake/data/1751965432_id': [Errno 2] No such file or directory: 'C:/Users/ПК/Desktop/akuch/remake/data/1751965432_id'
[2025-06-11 12:51:33.030935] Ошибка записи в файл 'C:/Users/ПК/Desktop/akuch/remake/data/1751965432_id': [Errno 2] No such file or directory: 'C:/Users/ПК/Desktop/akuch/remake/data/1751965432_id'
[2025-06-11 12:51:34.891562] Ошибка записи в файл 'C:/Users/ПК/Desktop/akuch/remake/data/1751965432_id': [Errno 2] No such file or directory: 'C:/Users/ПК/Desktop/akuch/remake/data/1751965432_id'
[2025-06-11 12:51:44.731548] Ошибка записи в файл 'C:/Users/ПК/Desktop/akuch/remake/data/1751965432_id': [Errno 2] No such file or directory: 'C:/Users/ПК/Desktop/akuch/remake/data/1751965432_id'
[2025-06-11 12:51:47.704593] Ошибка записи в файл 'C:/Users/ПК/Desktop/akuch/remake/data/1751965432_id': [Errno 2] No such file or directory: 'C:/Users/ПК/Desktop/akuch/remake/data/1751965432_id'
[2025-06-11 12:51:54.572767] Ошибка записи в файл 'C:/Users/ПК/Desktop/akuch/remake/data/1751965432_id': [Errno 2] No such file or directory: 'C:/Users/ПК/Desktop/akuch/remake/data/1751965432_id'
[2025-06-11 12:51:56.856659] Ошибка записи в файл 'C:/Users/ПК/Desktop/akuch/remake/data/1751965432_id': [Errno 2] No such file or directory: 'C:/Users/ПК/Desktop/akuch/remake/data/1751965432_id'
[2025-06-11 12:51:58.837426] Ошибка записи в файл 'C:/Users/ПК/Desktop/akuch/remake/data/1751965432_id': [Errno 2] No such file or directory: 'C:/Users/ПК/Desktop/akuch/remake/data/1751965432_id'
[2025-06-11 12:52:01.582374] Ошибка записи в файл 'C:/Users/ПК/Desktop/akuch/remake/data/1751965432_id': [Errno 2] No such file or directory: 'C:/Users/ПК/Desktop/akuch/remake/data/1751965432_id'
[2025-06-11 12:53:16.233978] Ошибка записи в файл 'C:/Users/ПК/Desktop/akuch/remake/data/1751965432_id': [Errno 2] No such file or directory: 'C:/Users/ПК/Desktop/akuch/remake/data/1751965432_id'
[2025-06-11 12:53:25.125466] Ошибка записи в файл 'C:/Users/ПК/Desktop/akuch/remake/data/1751965432_id': [Errno 2] No such file or directory: 'C:/Users/ПК/Desktop/akuch/remake/data/1751965432_id'
[2025-06-11 12:53:31.357057] Ошибка записи в файл 'C:/Users/ПК/Desktop/akuch/remake/data/1751965432_id': [Errno 2] No such file or directory: 'C:/Users/ПК/Desktop/akuch/remake/data/1751965432_id'
[2025-06-11 12:53:33.677629] Ошибка записи в файл 'C:/Users/ПК/Desktop/akuch/remake/data/1751965432_id': [Errno 2] No such file or directory: 'C:/Users/ПК/Desktop/akuch/remake/data/1751965432_id'
[2025-06-11 12:53:38.371044] Ошибка записи в файл 'C:/Users/ПК/Desktop/akuch/remake/data/1751965432_id': [Errno 2] No such file or directory: 'C:/Users/ПК/Desktop/akuch/remake/data/1751965432_id'
[2025-06-11 12:53:39.804853] Ошибка записи в файл 'C:/Users/ПК/Desktop/akuch/remake/data/1751965432_id': [Errno 2] No such file or directory: 'C:/Users/ПК/Desktop/akuch/remake/data/1751965432_id'
[2025-06-11 12:53:44.909028] Ошибка записи в файл 'C:/Users/ПК/Desktop/akuch/remake/data/1751965432_id': [Errno 2] No such file or directory: 'C:/Users/ПК/Desktop/akuch/remake/data/1751965432_id'
[2025-06-11 12:53:46.567754] Ошибка записи в файл 'C:/Users/ПК/Desktop/akuch/remake/data/1751965432_id': [Errno 2] No such file or directory: 'C:/Users/ПК/Desktop/akuch/remake/data/1751965432_id'
[2025-06-11 12:53:48.725205] Ошибка записи в файл 'C:/Users/ПК/Desktop/akuch/remake/data/1751965432_id': [Errno 2] No such file or directory: 'C:/Users/ПК/Desktop/akuch/remake/data/1751965432_id'
[2025-06-11 12:53:49.898319] Ошибка записи в файл 'C:/Users/ПК/Desktop/akuch/remake/data/1751965432_id': [Errno 2] No such file or directory: 'C:/Users/ПК/Desktop/akuch/remake/data/1751965432_id'
[2025-06-11 12:53:50.995544] Ошибка записи в файл 'C:/Users/ПК/Desktop/akuch/remake/data/1751965432_id': [Errno 2] No such file or directory: 'C:/Users/ПК/Desktop/akuch/remake/data/1751965432_id'
[2025-06-11 12:54:00.750706] Ошибка записи в файл 'C:/Users/ПК/Desktop/akuch/remake/data/1751965432_id': [Errno 2] No such file or directory: 'C:/Users/ПК/Desktop/akuch/remake/data/1751965432_id'
[2025-06-11 12:54:02.795444] Ошибка записи в файл 'C:/Users/ПК/Desktop/akuch/remake/data/1751965432_id': [Errno 2] No such file or directory: 'C:/Users/ПК/Desktop/akuch/remake/data/1751965432_id'
[2025-06-11 12:54:04.076828] Ошибка записи в файл 'C:/Users/ПК/Desktop/akuch/remake/data/1751965432_id': [Errno 2] No such file or directory: 'C:/Users/ПК/Desktop/akuch/remake/data/1751965432_id'
[2025-06-11 12:54:06.890858] Ошибка записи в файл 'C:/Users/ПК/Desktop/akuch/remake/data/1751965432_id': [Errno 2] No such file or directory: 'C:/Users/ПК/Desktop/akuch/remake/data/1751965432_id'
[2025-06-11 12:54:09.300669] Ошибка записи в файл 'C:/Users/ПК/Desktop/akuch/remake/data/1751965432_id': [Errno 2] No such file or directory: 'C:/Users/ПК/Desktop/akuch/remake/data/1751965432_id'
[2025-06-11 12:54:12.005074] Ошибка записи в файл 'C:/Users/ПК/Desktop/akuch/remake/data/1751965432_id': [Errno 2] No such file or directory: 'C:/Users/ПК/Desktop/akuch/remake/data/1751965432_id'
[2025-06-11 12:54:14.288321] Ошибка записи в файл 'C:/Users/ПК/Desktop/akuch/remake/data/1751965432_id': [Errno 2] No such file or directory: 'C:/Users/ПК/Desktop/akuch/remake/data/1751965432_id'
[2025-06-11 12:54:15.791800] Ошибка записи в файл 'C:/Users/ПК/Desktop/akuch/remake/data/1751965432_id': [Errno 2] No such file or directory: 'C:/Users/ПК/Desktop/akuch/remake/data/1751965432_id'
[2025-06-11 12:54:17.731830] Ошибка записи в файл 'C:/Users/ПК/Desktop/akuch/remake/data/1751965432_id': [Errno 2] No such file or directory: 'C:/Users/ПК/Desktop/akuch/remake/data/1751965432_id'
[2025-06-11 12:54:18.801294] Ошибка записи в файл 'C:/Users/ПК/Desktop/akuch/remake/data/1751965432_id': [Errno 2] No such file or directory: 'C:/Users/ПК/Desktop/akuch/remake/data/1751965432_id'
[2025-06-11 12:54:21.107279] Ошибка записи в файл 'C:/Users/ПК/Desktop/akuch/remake/data/1751965432_id': [Errno 2] No such file or directory: 'C:/Users/ПК/Desktop/akuch/remake/data/1751965432_id'
[2025-06-11 12:54:27.724330] Ошибка записи в файл 'C:/Users/ПК/Desktop/akuch/remake/data/1751965432_id': [Errno 2] No such file or directory: 'C:/Users/ПК/Desktop/akuch/remake/data/1751965432_id'
[2025-06-11 12:54:28.949792] Ошибка записи в файл 'C:/Users/ПК/Desktop/akuch/remake/data/1751965432_id': [Errno 2] No such file or directory: 'C:/Users/ПК/Desktop/akuch/remake/data/1751965432_id'
[2025-06-11 12:54:29.722209] Ошибка записи в файл 'C:/Users/ПК/Desktop/akuch/remake/data/1751965432_id': [Errno 2] No such file or directory: 'C:/Users/ПК/Desktop/akuch/remake/data/1751965432_id'
[2025-06-11 12:54:35.537405] Ошибка записи в файл 'C:/Users/ПК/Desktop/akuch/remake/data/1751965432_id': [Errno 2] No such file or directory: 'C:/Users/ПК/Desktop/akuch/remake/data/1751965432_id'
[2025-06-11 12:54:38.713186] Ошибка записи в файл 'C:/Users/ПК/Desktop/akuch/remake/data/1751965432_id': [Errno 2] No such file or directory: 'C:/Users/ПК/Desktop/akuch/remake/data/1751965432_id'
[2025-06-11 12:54:42.331961] Ошибка записи в файл 'C:/Users/ПК/Desktop/akuch/remake/data/1751965432_id': [Errno 2] No such file or directory: 'C:/Users/ПК/Desktop/akuch/remake/data/1751965432_id'
[2025-06-11 12:54:43.932895] Ошибка записи в файл 'C:/Users/ПК/Desktop/akuch/remake/data/1751965432_id': [Errno 2] No such file or directory: 'C:/Users/ПК/Desktop/akuch/remake/data/1751965432_id'
[2025-06-11 13:01:01.469737] Ошибка записи в файл 'C:/Users/ПК/Desktop/akuch/remake/data/1751965432_id': [Errno 2] No such file or directory: 'C:/Users/ПК/Desktop/akuch/remake/data/1751965432_id'
[2025-06-11 13:01:02.671055] Ошибка записи в файл 'C:/Users/ПК/Desktop/akuch/remake/data/1751965432_id': [Errno 2] No such file or directory: 'C:/Users/ПК/Desktop/akuch/remake/data/1751965432_id'
[2025-06-11 13:01:14.283621] Ошибка записи в файл 'C:/Users/ПК/Desktop/akuch/remake/data/1751965432_id': [Errno 2] No such file or directory: 'C:/Users/ПК/Desktop/akuch/remake/data/1751965432_id'
[2025-06-11 13:01:18.743465] Ошибка записи в файл 'C:/Users/ПК/Desktop/akuch/remake/data/1751965432_id': [Errno 2] No such file or directory: 'C:/Users/ПК/Desktop/akuch/remake/data/1751965432_id'
[2025-06-11 13:01:25.091375] Ошибка записи в файл 'C:/Users/ПК/Desktop/akuch/remake/data/1751965432_id': [Errno 2] No such file or directory: 'C:/Users/ПК/Desktop/akuch/remake/data/1751965432_id'
[2025-06-11 13:01:26.146409] Ошибка записи в файл 'C:/Users/ПК/Desktop/akuch/remake/data/1751965432_id': [Errno 2] No such file or directory: 'C:/Users/ПК/Desktop/akuch/remake/data/1751965432_id'
[2025-06-11 13:01:31.644494] Ошибка записи в файл 'C:/Users/ПК/Desktop/akuch/remake/data/1751965432_id': [Errno 2] No such file or directory: 'C:/Users/ПК/Desktop/akuch/remake/data/1751965432_id'
[2025-06-11 13:01:44.617614] Ошибка записи в файл 'C:/Users/ПК/Desktop/akuch/remake/data/1751965432_id': [Errno 2] No such file or directory: 'C:/Users/ПК/Desktop/akuch/remake/data/1751965432_id'
[2025-06-11 13:01:46.715705] Ошибка записи в файл 'C:/Users/ПК/Desktop/akuch/remake/data/1751965432_id': [Errno 2] No such file or directory: 'C:/Users/ПК/Desktop/akuch/remake/data/1751965432_id'
[2025-06-11 13:01:51.463411] Ошибка записи в файл 'C:/Users/ПК/Desktop/akuch/remake/data/1751965432_id': [Errno 2] No such file or directory: 'C:/Users/ПК/Desktop/akuch/remake/data/1751965432_id'
[2025-06-11 13:01:54.113213] Ошибка записи в файл 'C:/Users/ПК/Desktop/akuch/remake/data/1751965432_id': [Errno 2] No such file or directory: 'C:/Users/ПК/Desktop/akuch/remake/data/1751965432_id'
[2025-06-11 13:01:55.085290] Ошибка записи в файл 'C:/Users/ПК/Desktop/akuch/remake/data/1751965432_id': [Errno 2] No such file or directory: 'C:/Users/ПК/Desktop/akuch/remake/data/1751965432_id'
[2025-06-11 13:01:57.480881] Ошибка записи в файл 'C:/Users/ПК/Desktop/akuch/remake/data/1751965432_id': [Errno 2] No such file or directory: 'C:/Users/ПК/Desktop/akuch/remake/data/1751965432_id'
[2025-06-12 06:59:54.728090] Недопустимые символы в data: 'Умный дом, безопасность, автоматизация%Энергоэффективность и экологичность'
[2025-06-12 07:12:36.915675] Недопустимые символы в data: 'Навес для авто%Гараж, примыкающий к дому'
[2025-06-12 07:49:35.917266] Недопустимые символы в data: 'Образ дома отражает мой стиль и вкус%Тишина и уединение, спокойствие'
[2025-06-12 10:01:09.370990] Недопустимые символы в data: 'Образ дома отражает мой стиль и вкус%Тишина и уединение, спокойствие'
[2025-06-12 10:42:23.011238] Недопустимые символы в data: 'Умный дом, безопасность, автоматизация'
[2025-06-12 11:15:51.676181] Недопустимые символы в data: 'Умный дом, безопасность, автоматизация'
[2025-06-12 20:16:53.748063] Недопустимые символы в data: 'Умный дом, безопасность, автоматизация'
[2025-06-12 21:03:23.910413] Недопустимые символы в data: 'Умный дом, безопасность, автоматизация'
[2025-06-12 21:05:58.298345] Недопустимые символы в data: 'Умный дом, безопасность, автоматизация'
[2025-06-12 21:07:02.735345] Недопустимые символы в data: 'Умный дом, безопасность, автоматизация'
[2025-06-12 21:10:39.984936] Недопустимые символы в data: 'Умный дом, безопасность, автоматизация'
[2025-06-12 21:17:44.205712] Недопустимые символы в data: 'Умный дом, безопасность, автоматизация'
[2025-06-12 21:19:28.811247] Недопустимые символы в data: 'Умный дом, безопасность, автоматизация%Практичность и функционал планировок%Много вариантов досуга с семьёй'
[2025-06-13 20:09:59.074272] Недопустимые символы в data: 'Умный дом, безопасность, автоматизация'
[2025-06-14 17:31:09.048033] Недопустимые символы в data: 'Умный дом, безопасность, автоматизация'
[2025-06-14 17:39:00.726911] Ошибка записи в файл 'C:/Users/Фёдор/Desktop/remake_text_rdy/remake/data/1184924981_id': [Errno 2] No such file or directory: 'C:/Users/Фёдор/Desktop/remake_text_rdy/remake/data/1184924981_id'
[2025-06-14 17:39:03.259499] Ошибка записи в файл 'C:/Users/Фёдор/Desktop/remake_text_rdy/remake/data/1184924981_id': [Errno 2] No such file or directory: 'C:/Users/Фёдор/Desktop/remake_text_rdy/remake/data/1184924981_id'
[2025-06-14 17:39:07.126181] Ошибка записи в файл 'C:/Users/Фёдор/Desktop/remake_text_rdy/remake/data/1184924981_id': [Errno 2] No such file or directory: 'C:/Users/Фёдор/Desktop/remake_text_rdy/remake/data/1184924981_id'
[2025-06-14 17:39:11.686003] Ошибка записи в файл 'C:/Users/Фёдор/Desktop/remake_text_rdy/remake/data/1184924981_id': [Errno 2] No such file or directory: 'C:/Users/Фёдор/Desktop/remake_text_rdy/remake/data/1184924981_id'
[2025-06-14 17:39:14.555490] Ошибка записи в файл 'C:/Users/Фёдор/Desktop/remake_text_rdy/remake/data/1184924981_id': [Errno 2] No such file or directory: 'C:/Users/Фёдор/Desktop/remake_text_rdy/remake/data/1184924981_id'
[2025-06-14 17:39:17.028430] Недопустимые символы в data: 'Умный дом, безопасность, автоматизация'
[2025-06-14 17:39:19.346981] Ошибка записи в файл 'C:/Users/Фёдор/Desktop/remake_text_rdy/remake/data/1184924981_id': [Errno 2] No such file or directory: 'C:/Users/Фёдор/Desktop/remake_text_rdy/remake/data/1184924981_id'
[2025-06-14 17:39:21.687967] Ошибка записи в файл 'C:/Users/Фёдор/Desktop/remake_text_rdy/remake/data/1184924981_id': [Errno 2] No such file or directory: 'C:/Users/Фёдор/Desktop/remake_text_rdy/remake/data/1184924981_id'
[2025-06-14 17:39:22.694379] Ошибка записи в файл 'C:/Users/Фёдор/Desktop/remake_text_rdy/remake/data/1184924981_id': [Errno 2] No such file or directory: 'C:/Users/Фёдор/Desktop/remake_text_rdy/remake/data/1184924981_id'
[2025-06-14 17:39:29.007660] Ошибка записи в файл 'C:/Users/Фёдор/Desktop/remake_text_rdy/remake/data/1184924981_id': [Errno 2] No such file or directory: 'C:/Users/Фёдор/Desktop/remake_text_rdy/remake/data/1184924981_id'
[2025-06-14 17:39:29.057239] Ошибка записи в файл 'C:/Users/Фёдор/Desktop/remake_text_rdy/remake/data/1184924981_id': [Errno 2] No such file or directory: 'C:/Users/Фёдор/Desktop/remake_text_rdy/remake/data/1184924981_id'
[2025-06-14 17:39:37.182962] Ошибка записи в файл 'C:/Users/Фёдор/Desktop/remake_text_rdy/remake/data/1184924981_id': [Errno 2] No such file or directory: 'C:/Users/Фёдор/Desktop/remake_text_rdy/remake/data/1184924981_id'
[2025-06-14 17:39:38.574496] Ошибка записи в файл 'C:/Users/Фёдор/Desktop/remake_text_rdy/remake/data/1184924981_id': [Errno 2] No such file or directory: 'C:/Users/Фёдор/Desktop/remake_text_rdy/remake/data/1184924981_id'
[2025-06-14 17:39:39.473204] Ошибка записи в файл 'C:/Users/Фёдор/Desktop/remake_text_rdy/remake/data/1184924981_id': [Errno 2] No such file or directory: 'C:/Users/Фёдор/Desktop/remake_text_rdy/remake/data/1184924981_id'
[2025-06-14 17:39:45.871431] Ошибка записи в файл 'C:/Users/Фёдор/Desktop/remake_text_rdy/remake/data/1184924981_id': [Errno 2] No such file or directory: 'C:/Users/Фёдор/Desktop/remake_text_rdy/remake/data/1184924981_id'
[2025-06-14 17:39:47.398349] Ошибка записи в файл 'C:/Users/Фёдор/Desktop/remake_text_rdy/remake/data/1184924981_id': [Errno 2] No such file or directory: 'C:/Users/Фёдор/Desktop/remake_text_rdy/remake/data/1184924981_id'
[2025-06-14 17:39:51.981449] Ошибка записи в файл 'C:/Users/Фёдор/Desktop/remake_text_rdy/remake/data/1184924981_id': [Errno 2] No such file or directory: 'C:/Users/Фёдор/Desktop/remake_text_rdy/remake/data/1184924981_id'
[2025-06-14 17:39:53.020556] Ошибка записи в файл 'C:/Users/Фёдор/Desktop/remake_text_rdy/remake/data/1184924981_id': [Errno 2] No such file or directory: 'C:/Users/Фёдор/Desktop/remake_text_rdy/remake/data/1184924981_id'
[2025-06-14 17:40:03.435554] Ошибка записи в файл 'C:/Users/Фёдор/Desktop/remake_text_rdy/remake/data/1184924981_id': [Errno 2] No such file or directory: 'C:/Users/Фёдор/Desktop/remake_text_rdy/remake/data/1184924981_id'
[2025-06-14 17:40:04.842008] Ошибка записи в файл 'C:/Users/Фёдор/Desktop/remake_text_rdy/remake/data/1184924981_id': [Errno 2] No such file or directory: 'C:/Users/Фёдор/Desktop/remake_text_rdy/remake/data/1184924981_id'
[2025-06-14 17:40:10.402672] Ошибка записи в файл 'C:/Users/Фёдор/Desktop/remake_text_rdy/remake/data/1184924981_id': [Errno 2] No such file or directory: 'C:/Users/Фёдор/Desktop/remake_text_rdy/remake/data/1184924981_id'
[2025-06-14 17:40:12.237774] Ошибка записи в файл 'C:/Users/Фёдор/Desktop/remake_text_rdy/remake/data/1184924981_id': [Errno 2] No such file or directory: 'C:/Users/Фёдор/Desktop/remake_text_rdy/remake/data/1184924981_id'
[2025-06-14 17:40:22.237477] Ошибка записи в файл 'C:/Users/Фёдор/Desktop/remake_text_rdy/remake/data/1184924981_id': [Errno 2] No such file or directory: 'C:/Users/Фёдор/Desktop/remake_text_rdy/remake/data/1184924981_id'
[2025-06-14 17:40:23.760309] Ошибка записи в файл 'C:/Users/Фёдор/Desktop/remake_text_rdy/remake/data/1184924981_id': [Errno 2] No such file or directory: 'C:/Users/Фёдор/Desktop/remake_text_rdy/remake/data/1184924981_id'
[2025-06-14 17:40:31.760714] Ошибка записи в файл 'C:/Users/Фёдор/Desktop/remake_text_rdy/remake/data/1184924981_id': [Errno 2] No such file or directory: 'C:/Users/Фёдор/Desktop/remake_text_rdy/remake/data/1184924981_id'
[2025-06-14 17:40:32.894300] Ошибка записи в файл 'C:/Users/Фёдор/Desktop/remake_text_rdy/remake/data/1184924981_id': [Errno 2] No such file or directory: 'C:/Users/Фёдор/Desktop/remake_text_rdy/remake/data/1184924981_id'
[2025-06-14 17:40:50.792681] Ошибка записи в файл 'C:/Users/Фёдор/Desktop/remake_text_rdy/remake/data/1184924981_id': [Errno 2] No such file or directory: 'C:/Users/Фёдор/Desktop/remake_text_rdy/remake/data/1184924981_id'
[2025-06-14 17:40:52.850108] Ошибка записи в файл 'C:/Users/Фёдор/Desktop/remake_text_rdy/remake/data/1184924981_id': [Errno 2] No such file or directory: 'C:/Users/Фёдор/Desktop/remake_text_rdy/remake/data/1184924981_id'
[2025-06-14 17:40:55.137198] Ошибка записи в файл 'C:/Users/Фёдор/Desktop/remake_text_rdy/remake/data/1184924981_id': [Errno 2] No such file or directory: 'C:/Users/Фёдор/Desktop/remake_text_rdy/remake/data/1184924981_id'
[2025-06-14 17:40:57.882716] Ошибка записи в файл 'C:/Users/Фёдор/Desktop/remake_text_rdy/remake/data/1184924981_id': [Errno 2] No such file or directory: 'C:/Users/Фёдор/Desktop/remake_text_rdy/remake/data/1184924981_id'
[2025-06-14 17:41:03.260299] Ошибка записи в файл 'C:/Users/Фёдор/Desktop/remake_text_rdy/remake/data/1184924981_id': [Errno 2] No such file or directory: 'C:/Users/Фёдор/Desktop/remake_text_rdy/remake/data/1184924981_id'
[2025-06-14 17:41:06.596358] Недопустимые символы в data: 'Умный дом, безопасность, автоматизация'
[2025-06-14 17:41:09.667710] Ошибка записи в файл 'C:/Users/Фёдор/Desktop/remake_text_rdy/remake/data/1184924981_id': [Errno 2] No such file or directory: 'C:/Users/Фёдор/Desktop/remake_text_rdy/remake/data/1184924981_id'
[2025-06-14 17:41:12.283188] Ошибка записи в файл 'C:/Users/Фёдор/Desktop/remake_text_rdy/remake/data/1184924981_id': [Errno 2] No such file or directory: 'C:/Users/Фёдор/Desktop/remake_text_rdy/remake/data/1184924981_id'
[2025-06-14 17:41:13.282038] Ошибка записи в файл 'C:/Users/Фёдор/Desktop/remake_text_rdy/remake/data/1184924981_id': [Errno 2] No such file or directory: 'C:/Users/Фёдор/Desktop/remake_text_rdy/remake/data/1184924981_id'
[2025-06-14 17:41:17.902414] Ошибка записи в файл 'C:/Users/Фёдор/Desktop/remake_text_rdy/remake/data/1184924981_id': [Errno 2] No such file or directory: 'C:/Users/Фёдор/Desktop/remake_text_rdy/remake/data/1184924981_id'
[2025-06-14 17:41:20.875572] Ошибка записи в файл 'C:/Users/Фёдор/Desktop/remake_text_rdy/remake/data/1184924981_id': [Errno 2] No such file or directory: 'C:/Users/Фёдор/Desktop/remake_text_rdy/remake/data/1184924981_id'
[2025-06-14 17:41:24.328791] Ошибка записи в файл 'C:/Users/Фёдор/Desktop/remake_text_rdy/remake/data/1184924981_id': [Errno 2] No such file or directory: 'C:/Users/Фёдор/Desktop/remake_text_rdy/remake/data/1184924981_id'
[2025-06-14 17:41:25.794706] Ошибка записи в файл 'C:/Users/Фёдор/Desktop/remake_text_rdy/remake/data/1184924981_id': [Errno 2] No such file or directory: 'C:/Users/Фёдор/Desktop/remake_text_rdy/remake/data/1184924981_id'
[2025-06-14 17:41:28.100329] Ошибка записи в файл 'C:/Users/Фёдор/Desktop/remake_text_rdy/remake/data/1184924981_id': [Errno 2] No such file or directory: 'C:/Users/Фёдор/Desktop/remake_text_rdy/remake/data/1184924981_id'
[2025-06-14 17:41:29.730548] Ошибка записи в файл 'C:/Users/Фёдор/Desktop/remake_text_rdy/remake/data/1184924981_id': [Errno 2] No such file or directory: 'C:/Users/Фёдор/Desktop/remake_text_rdy/remake/data/1184924981_id'
[2025-06-14 17:41:34.604275] Ошибка записи в файл 'C:/Users/Фёдор/Desktop/remake_text_rdy/remake/data/1184924981_id': [Errno 2] No such file or directory: 'C:/Users/Фёдор/Desktop/remake_text_rdy/remake/data/1184924981_id'
[2025-06-14 17:41:36.192157] Ошибка записи в файл 'C:/Users/Фёдор/Desktop/remake_text_rdy/remake/data/1184924981_id': [Errno 2] No such file or directory: 'C:/Users/Фёдор/Desktop/remake_text_rdy/remake/data/1184924981_id'
[2025-06-14 17:41:42.316240] Ошибка записи в файл 'C:/Users/Фёдор/Desktop/remake_text_rdy/remake/data/1184924981_id': [Errno 2] No such file or directory: 'C:/Users/Фёдор/Desktop/remake_text_rdy/remake/data/1184924981_id'
[2025-06-14 17:41:43.345839] Ошибка записи в файл 'C:/Users/Фёдор/Desktop/remake_text_rdy/remake/data/1184924981_id': [Errno 2] No such file or directory: 'C:/Users/Фёдор/Desktop/remake_text_rdy/remake/data/1184924981_id'
[2025-06-14 17:41:47.865376] Ошибка записи в файл 'C:/Users/Фёдор/Desktop/remake_text_rdy/remake/data/1184924981_id': [Errno 2] No such file or directory: 'C:/Users/Фёдор/Desktop/remake_text_rdy/remake/data/1184924981_id'
[2025-06-14 17:41:52.354847] Ошибка записи в файл 'C:/Users/Фёдор/Desktop/remake_text_rdy/remake/data/1184924981_id': [Errno 2] No such file or directory: 'C:/Users/Фёдор/Desktop/remake_text_rdy/remake/data/1184924981_id'
[2025-06-14 17:41:53.347585] Ошибка записи в файл 'C:/Users/Фёдор/Desktop/remake_text_rdy/remake/data/1184924981_id': [Errno 2] No such file or directory: 'C:/Users/Фёдор/Desktop/remake_text_rdy/remake/data/1184924981_id'
[2025-06-14 17:41:55.088615] Ошибка записи в файл 'C:/Users/Фёдор/Desktop/remake_text_rdy/remake/data/1184924981_id': [Errno 2] No such file or directory: 'C:/Users/Фёдор/Desktop/remake_text_rdy/remake/data/1184924981_id'
[2025-06-14 17:41:57.491146] Ошибка записи в файл 'C:/Users/Фёдор/Desktop/remake_text_rdy/remake/data/1184924981_id': [Errno 2] No such file or directory: 'C:/Users/Фёдор/Desktop/remake_text_rdy/remake/data/1184924981_id'
[2025-06-14 17:41:58.376188] Ошибка записи в файл 'C:/Users/Фёдор/Desktop/remake_text_rdy/remake/data/1184924981_id': [Errno 2] No such file or directory: 'C:/Users/Фёдор/Desktop/remake_text_rdy/remake/data/1184924981_id'
[2025-06-14 17:42:00.340391] Ошибка записи в файл 'C:/Users/Фёдор/Desktop/remake_text_rdy/remake/data/1184924981_id': [Errno 2] No such file or directory: 'C:/Users/Фёдор/Desktop/remake_text_rdy/remake/data/1184924981_id'
[2025-06-14 17:42:01.584683] Ошибка записи в файл 'C:/Users/Фёдор/Desktop/remake_text_rdy/remake/data/1184924981_id': [Errno 2] No such file or directory: 'C:/Users/Фёдор/Desktop/remake_text_rdy/remake/data/1184924981_id'
[2025-06-14 17:42:02.677159] Ошибка записи в файл 'C:/Users/Фёдор/Desktop/remake_text_rdy/remake/data/1184924981_id': [Errno 2] No such file or directory: 'C:/Users/Фёдор/Desktop/remake_text_rdy/remake/data/1184924981_id'
[2025-06-14 17:42:06.561881] Ошибка записи в файл 'C:/Users/Фёдор/Desktop/remake_text_rdy/remake/data/1184924981_id': [Errno 2] No such file or directory: 'C:/Users/Фёдор/Desktop/remake_text_rdy/remake/data/1184924981_id'
[2025-06-14 17:42:07.595344] Ошибка записи в файл 'C:/Users/Фёдор/Desktop/remake_text_rdy/remake/data/1184924981_id': [Errno 2] No such file or directory: 'C:/Users/Фёдор/Desktop/remake_text_rdy/remake/data/1184924981_id'
[2025-06-14 17:42:12.373852] Ошибка записи в файл 'C:/Users/Фёдор/Desktop/remake_text_rdy/remake/data/1184924981_id': [Errno 2] No such file or directory: 'C:/Users/Фёдор/Desktop/remake_text_rdy/remake/data/1184924981_id'
[2025-06-14 17:42:14.246851] Ошибка записи в файл 'C:/Users/Фёдор/Desktop/remake_text_rdy/remake/data/1184924981_id': [Errno 2] No such file or directory: 'C:/Users/Фёдор/Desktop/remake_text_rdy/remake/data/1184924981_id'
[2025-06-14 17:42:17.608458] Ошибка записи в файл 'C:/Users/Фёдор/Desktop/remake_text_rdy/remake/data/1184924981_id': [Errno 2] No such file or directory: 'C:/Users/Фёдор/Desktop/remake_text_rdy/remake/data/1184924981_id'
[2025-06-14 17:42:18.766114] Ошибка записи в файл 'C:/Users/Фёдор/Desktop/remake_text_rdy/remake/data/1184924981_id': [Errno 2] No such file or directory: 'C:/Users/Фёдор/Desktop/remake_text_rdy/remake/data/1184924981_id'
[2025-06-14 17:42:19.807387] Ошибка записи в файл 'C:/Users/Фёдор/Desktop/remake_text_rdy/remake/data/1184924981_id': [Errno 2] No such file or directory: 'C:/Users/Фёдор/Desktop/remake_text_rdy/remake/data/1184924981_id'
[2025-06-14 17:42:22.026544] Ошибка записи в файл 'C:/Users/Фёдор/Desktop/remake_text_rdy/remake/data/1184924981_id': [Errno 2] No such file or directory: 'C:/Users/Фёдор/Desktop/remake_text_rdy/remake/data/1184924981_id'
[2025-06-14 17:42:22.944140] Ошибка записи в файл 'C:/Users/Фёдор/Desktop/remake_text_rdy/remake/data/1184924981_id': [Errno 2] No such file or directory: 'C:/Users/Фёдор/Desktop/remake_text_rdy/remake/data/1184924981_id'
[2025-06-14 17:42:23.859405] Ошибка записи в файл 'C:/Users/Фёдор/Desktop/remake_text_rdy/remake/data/1184924981_id': [Errno 2] No such file or directory: 'C:/Users/Фёдор/Desktop/remake_text_rdy/remake/data/1184924981_id'
[2025-06-14 17:42:25.165162] Ошибка записи в файл 'C:/Users/Фёдор/Desktop/remake_text_rdy/remake/data/1184924981_id': [Errno 2] No such file or directory: 'C:/Users/Фёдор/Desktop/remake_text_rdy/remake/data/1184924981_id'
[2025-06-14 17:42:25.896696] Ошибка записи в файл 'C:/Users/Фёдор/Desktop/remake_text_rdy/remake/data/1184924981_id': [Errno 2] No such file or directory: 'C:/Users/Фёдор/Desktop/remake_text_rdy/remake/data/1184924981_id'
[2025-06-14 17:42:28.083189] Ошибка записи в файл 'C:/Users/Фёдор/Desktop/remake_text_rdy/remake/data/1184924981_id': [Errno 2] No such file or directory: 'C:/Users/Фёдор/Desktop/remake_text_rdy/remake/data/1184924981_id'
[2025-06-14 17:42:29.039204] Ошибка записи в файл 'C:/Users/Фёдор/Desktop/remake_text_rdy/remake/data/1184924981_id': [Errno 2] No such file or directory: 'C:/Users/Фёдор/Desktop/remake_text_rdy/remake/data/1184924981_id'
[2025-06-14 17:42:31.106563] Ошибка записи в файл 'C:/Users/Фёдор/Desktop/remake_text_rdy/remake/data/1184924981_id': [Errno 2] No such file or directory: 'C:/Users/Фёдор/Desktop/remake_text_rdy/remake/data/1184924981_id'
[2025-06-14 17:42:32.009161] Ошибка записи в файл 'C:/Users/Фёдор/Desktop/remake_text_rdy/remake/data/1184924981_id': [Errno 2] No such file or directory: 'C:/Users/Фёдор/Desktop/remake_text_rdy/remake/data/1184924981_id'
[2025-06-14 17:42:33.312239] Ошибка записи в файл 'C:/Users/Фёдор/Desktop/remake_text_rdy/remake/data/1184924981_id': [Errno 2] No such file or directory: 'C:/Users/Фёдор/Desktop/remake_text_rdy/remake/data/1184924981_id'
[2025-06-14 18:12:59.568767] Ошибка записи в файл 'C:/Users/Фёдор/Desktop/remake_text_rdy/remake/data/1184924981_id': [Errno 2] No such file or directory: 'C:/Users/Фёдор/Desktop/remake_text_rdy/remake/data/1184924981_id'
[2025-06-14 18:13:01.756683] Ошибка записи в файл 'C:/Users/Фёдор/Desktop/remake_text_rdy/remake/data/1184924981_id': [Errno 2] No such file or directory: 'C:/Users/Фёдор/Desktop/remake_text_rdy/remake/data/1184924981_id'
[2025-06-14 18:13:04.464977] Ошибка записи в файл 'C:/Users/Фёдор/Desktop/remake_text_rdy/remake/data/1184924981_id': [Errno 2] No such file or directory: 'C:/Users/Фёдор/Desktop/remake_text_rdy/remake/data/1184924981_id'
[2025-06-14 18:13:06.743520] Ошибка записи в файл 'C:/Users/Фёдор/Desktop/remake_text_rdy/remake/data/1184924981_id': [Errno 2] No such file or directory: 'C:/Users/Фёдор/Desktop/remake_text_rdy/remake/data/1184924981_id'
[2025-06-14 18:13:08.915204] Ошибка записи в файл 'C:/Users/Фёдор/Desktop/remake_text_rdy/remake/data/1184924981_id': [Errno 2] No such file or directory: 'C:/Users/Фёдор/Desktop/remake_text_rdy/remake/data/1184924981_id'
[2025-06-14 18:13:14.268868] Ошибка записи в файл 'C:/Users/Фёдор/Desktop/remake_text_rdy/remake/data/1184924981_id': [Errno 2] No such file or directory: 'C:/Users/Фёдор/Desktop/remake_text_rdy/remake/data/1184924981_id'
[2025-06-14 18:13:15.619992] Ошибка записи в файл 'C:/Users/Фёдор/Desktop/remake_text_rdy/remake/data/1184924981_id': [Errno 2] No such file or directory: 'C:/Users/Фёдор/Desktop/remake_text_rdy/remake/data/1184924981_id'
[2025-06-14 18:13:18.448598] Ошибка записи в файл 'C:/Users/Фёдор/Desktop/remake_text_rdy/remake/data/1184924981_id': [Errno 2] No such file or directory: 'C:/Users/Фёдор/Desktop/remake_text_rdy/remake/data/1184924981_id'
[2025-06-14 18:13:19.720927] Ошибка записи в файл 'C:/Users/Фёдор/Desktop/remake_text_rdy/remake/data/1184924981_id': [Errno 2] No such file or directory: 'C:/Users/Фёдор/Desktop/remake_text_rdy/remake/data/1184924981_id'
[2025-06-14 18:13:36.140588] Ошибка записи в файл 'C:/Users/Фёдор/Desktop/remake_text_rdy/remake/data/1184924981_id': [Errno 2] No such file or directory: 'C:/Users/Фёдор/Desktop/remake_text_rdy/remake/data/1184924981_id'
[2025-06-14 18:13:38.184287] Ошибка записи в файл 'C:/Users/Фёдор/Desktop/remake_text_rdy/remake/data/1184924981_id': [Errno 2] No such file or directory: 'C:/Users/Фёдор/Desktop/remake_text_rdy/remake/data/1184924981_id'
[2025-06-14 18:13:39.218356] Ошибка записи в файл 'C:/Users/Фёдор/Desktop/remake_text_rdy/remake/data/1184924981_id': [Errno 2] No such file or directory: 'C:/Users/Фёдор/Desktop/remake_text_rdy/remake/data/1184924981_id'
[2025-06-14 18:13:40.143025] Ошибка записи в файл 'C:/Users/Фёдор/Desktop/remake_text_rdy/remake/data/1184924981_id': [Errno 2] No such file or directory: 'C:/Users/Фёдор/Desktop/remake_text_rdy/remake/data/1184924981_id'
[2025-06-14 18:13:43.972807] Ошибка записи в файл 'C:/Users/Фёдор/Desktop/remake_text_rdy/remake/data/1184924981_id': [Errno 2] No such file or directory: 'C:/Users/Фёдор/Desktop/remake_text_rdy/remake/data/1184924981_id'
[2025-06-14 18:13:45.648963] Ошибка записи в файл 'C:/Users/Фёдор/Desktop/remake_text_rdy/remake/data/1184924981_id': [Errno 2] No such file or directory: 'C:/Users/Фёдор/Desktop/remake_text_rdy/remake/data/1184924981_id'
[2025-06-14 18:13:50.593252] Ошибка записи в файл 'C:/Users/Фёдор/Desktop/remake_text_rdy/remake/data/1184924981_id': [Errno 2] No such file or directory: 'C:/Users/Фёдор/Desktop/remake_text_rdy/remake/data/1184924981_id'
[2025-06-14 18:13:51.464912] Ошибка записи в файл 'C:/Users/Фёдор/Desktop/remake_text_rdy/remake/data/1184924981_id': [Errno 2] No such file or directory: 'C:/Users/Фёдор/Desktop/remake_text_rdy/remake/data/1184924981_id'
[2025-06-14 18:13:57.675182] Ошибка записи в файл 'C:/Users/Фёдор/Desktop/remake_text_rdy/remake/data/1184924981_id': [Errno 2] No such file or directory: 'C:/Users/Фёдор/Desktop/remake_text_rdy/remake/data/1184924981_id'
[2025-06-14 18:13:58.904496] Ошибка записи в файл 'C:/Users/Фёдор/Desktop/remake_text_rdy/remake/data/1184924981_id': [Errno 2] No such file or directory: 'C:/Users/Фёдор/Desktop/remake_text_rdy/remake/data/1184924981_id'
[2025-06-14 18:14:04.256571] Ошибка записи в файл 'C:/Users/Фёдор/Desktop/remake_text_rdy/remake/data/1184924981_id': [Errno 2] No such file or directory: 'C:/Users/Фёдор/Desktop/remake_text_rdy/remake/data/1184924981_id'
[2025-06-14 18:14:05.855816] Ошибка записи в файл 'C:/Users/Фёдор/Desktop/remake_text_rdy/remake/data/1184924981_id': [Errno 2] No such file or directory: 'C:/Users/Фёдор/Desktop/remake_text_rdy/remake/data/1184924981_id'
[2025-06-14 18:14:09.282513] Ошибка записи в файл 'C:/Users/Фёдор/Desktop/remake_text_rdy/remake/data/1184924981_id': [Errno 2] No such file or directory: 'C:/Users/Фёдор/Desktop/remake_text_rdy/remake/data/1184924981_id'
[2025-06-14 18:14:15.018237] Ошибка записи в файл 'C:/Users/Фёдор/Desktop/remake_text_rdy/remake/data/1184924981_id': [Errno 2] No such file or directory: 'C:/Users/Фёдор/Desktop/remake_text_rdy/remake/data/1184924981_id'
[2025-06-14 18:14:15.856835] Ошибка записи в файл 'C:/Users/Фёдор/Desktop/remake_text_rdy/remake/data/1184924981_id': [Errno 2] No such file or directory: 'C:/Users/Фёдор/Desktop/remake_text_rdy/remake/data/1184924981_id'
[2025-06-14 18:14:17.666332] Ошибка записи в файл 'C:/Users/Фёдор/Desktop/remake_text_rdy/remake/data/1184924981_id': [Errno 2] No such file or directory: 'C:/Users/Фёдор/Desktop/remake_text_rdy/remake/data/1184924981_id'
[2025-06-14 18:14:22.745368] Ошибка записи в файл 'C:/Users/Фёдор/Desktop/remake_text_rdy/remake/data/1184924981_id': [Errno 2] No such file or directory: 'C:/Users/Фёдор/Desktop/remake_text_rdy/remake/data/1184924981_id'
[2025-06-14 18:14:23.739874] Ошибка записи в файл 'C:/Users/Фёдор/Desktop/remake_text_rdy/remake/data/1184924981_id': [Errno 2] No such file or directory: 'C:/Users/Фёдор/Desktop/remake_text_rdy/remake/data/1184924981_id'
[2025-06-14 18:14:24.784981] Ошибка записи в файл 'C:/Users/Фёдор/Desktop/remake_text_rdy/remake/data/1184924981_id': [Errno 2] No such file or directory: 'C:/Users/Фёдор/Desktop/remake_text_rdy/remake/data/1184924981_id'
[2025-06-14 18:14:25.708069] Ошибка записи в файл 'C:/Users/Фёдор/Desktop/remake_text_rdy/remake/data/1184924981_id': [Errno 2] No such file or directory: 'C:/Users/Фёдор/Desktop/remake_text_rdy/remake/data/1184924981_id'
[2025-06-14 18:14:26.926891] Ошибка записи в файл 'C:/Users/Фёдор/Desktop/remake_text_rdy/remake/data/1184924981_id': [Errno 2] No such file or directory: 'C:/Users/Фёдор/Desktop/remake_text_rdy/remake/data/1184924981_id'
[2025-06-14 18:14:29.174217] Ошибка записи в файл 'C:/Users/Фёдор/Desktop/remake_text_rdy/remake/data/1184924981_id': [Errno 2] No such file or directory: 'C:/Users/Фёдор/Desktop/remake_text_rdy/remake/data/1184924981_id'
[2025-06-14 18:14:30.008166] Ошибка записи в файл 'C:/Users/Фёдор/Desktop/remake_text_rdy/remake/data/1184924981_id': [Errno 2] No such file or directory: 'C:/Users/Фёдор/Desktop/remake_text_rdy/remake/data/1184924981_id'
[2025-06-14 18:14:33.061164] Ошибка записи в файл 'C:/Users/Фёдор/Desktop/remake_text_rdy/remake/data/1184924981_id': [Errno 2] No such file or directory: 'C:/Users/Фёдор/Desktop/remake_text_rdy/remake/data/1184924981_id'
[2025-06-14 18:14:34.680503] Ошибка записи в файл 'C:/Users/Фёдор/Desktop/remake_text_rdy/remake/data/1184924981_id': [Errno 2] No such file or directory: 'C:/Users/Фёдор/Desktop/remake_text_rdy/remake/data/1184924981_id'
[2025-06-14 18:14:38.314203] Ошибка записи в файл 'C:/Users/Фёдор/Desktop/remake_text_rdy/remake/data/1184924981_id': [Errno 2] No such file or directory: 'C:/Users/Фёдор/Desktop/remake_text_rdy/remake/data/1184924981_id'
[2025-06-14 18:14:39.416317] Ошибка записи в файл 'C:/Users/Фёдор/Desktop/remake_text_rdy/remake/data/1184924981_id': [Errno 2] No such file or directory: 'C:/Users/Фёдор/Desktop/remake_text_rdy/remake/data/1184924981_id'
[2025-06-14 18:14:43.532375] Ошибка записи в файл 'C:/Users/Фёдор/Desktop/remake_text_rdy/remake/data/1184924981_id': [Errno 2] No such file or directory: 'C:/Users/Фёдор/Desktop/remake_text_rdy/remake/data/1184924981_id'
[2025-06-14 18:14:45.354310] Ошибка записи в файл 'C:/Users/Фёдор/Desktop/remake_text_rdy/remake/data/1184924981_id': [Errno 2] No such file or directory: 'C:/Users/Фёдор/Desktop/remake_text_rdy/remake/data/1184924981_id'
[2025-06-14 18:14:47.424534] Ошибка записи в файл 'C:/Users/Фёдор/Desktop/remake_text_rdy/remake/data/1184924981_id': [Errno 2] No such file or directory: 'C:/Users/Фёдор/Desktop/remake_text_rdy/remake/data/1184924981_id'
[2025-06-14 18:14:48.396008] Ошибка записи в файл 'C:/Users/Фёдор/Desktop/remake_text_rdy/remake/data/1184924981_id': [Errno 2] No such file or directory: 'C:/Users/Фёдор/Desktop/remake_text_rdy/remake/data/1184924981_id'
[2025-06-14 18:14:49.484378] Ошибка записи в файл 'C:/Users/Фёдор/Desktop/remake_text_rdy/remake/data/1184924981_id': [Errno 2] No such file or directory: 'C:/Users/Фёдор/Desktop/remake_text_rdy/remake/data/1184924981_id'
[2025-06-14 18:26:54.349432] Ошибка записи в файл 'C:/Users/Фёдор/Desktop/remake_text_rdy/remake/data/1184924981_id': [Errno 2] No such file or directory: 'C:/Users/Фёдор/Desktop/remake_text_rdy/remake/data/1184924981_id'
[2025-06-14 18:27:03.468409] Ошибка записи в файл 'C:/Users/Фёдор/Desktop/remake_text_rdy/remake/data/1184924981_id': [Errno 2] No such file or directory: 'C:/Users/Фёдор/Desktop/remake_text_rdy/remake/data/1184924981_id'
[2025-06-14 18:27:06.109790] Ошибка записи в файл 'C:/Users/Фёдор/Desktop/remake_text_rdy/remake/data/1184924981_id': [Errno 2] No such file or directory: 'C:/Users/Фёдор/Desktop/remake_text_rdy/remake/data/1184924981_id'
[2025-06-14 18:27:13.890361] Ошибка записи в файл 'C:/Users/Фёдор/Desktop/remake_text_rdy/remake/data/1184924981_id': [Errno 2] No such file or directory: 'C:/Users/Фёдор/Desktop/remake_text_rdy/remake/data/1184924981_id'
[2025-06-14 18:27:31.316332] Ошибка записи в файл 'C:/Users/Фёдор/Desktop/remake_text_rdy/remake/data/1184924981_id': [Errno 2] No such file or directory: 'C:/Users/Фёдор/Desktop/remake_text_rdy/remake/data/1184924981_id'
[2025-06-14 18:27:33.838840] Ошибка записи в файл 'C:/Users/Фёдор/Desktop/remake_text_rdy/remake/data/1184924981_id': [Errno 2] No such file or directory: 'C:/Users/Фёдор/Desktop/remake_text_rdy/remake/data/1184924981_id'
[2025-06-14 18:27:34.987761] Ошибка записи в файл 'C:/Users/Фёдор/Desktop/remake_text_rdy/remake/data/1184924981_id': [Errno 2] No such file or directory: 'C:/Users/Фёдор/Desktop/remake_text_rdy/remake/data/1184924981_id'
[2025-06-14 18:27:38.101684] Ошибка записи в файл 'C:/Users/Фёдор/Desktop/remake_text_rdy/remake/data/1184924981_id': [Errno 2] No such file or directory: 'C:/Users/Фёдор/Desktop/remake_text_rdy/remake/data/1184924981_id'
[2025-06-14 18:27:40.700069] Ошибка записи в файл 'C:/Users/Фёдор/Desktop/remake_text_rdy/remake/data/1184924981_id': [Errno 2] No such file or directory: 'C:/Users/Фёдор/Desktop/remake_text_rdy/remake/data/1184924981_id'
[2025-06-14 18:27:47.251454] Ошибка записи в файл 'C:/Users/Фёдор/Desktop/remake_text_rdy/remake/data/1184924981_id': [Errno 2] No such file or directory: 'C:/Users/Фёдор/Desktop/remake_text_rdy/remake/data/1184924981_id'
[2025-06-14 18:27:49.897722] Ошибка записи в файл 'C:/Users/Фёдор/Desktop/remake_text_rdy/remake/data/1184924981_id': [Errno 2] No such file or directory: 'C:/Users/Фёдор/Desktop/remake_text_rdy/remake/data/1184924981_id'
[2025-06-14 18:27:50.865197] Ошибка записи в файл 'C:/Users/Фёдор/Desktop/remake_text_rdy/remake/data/1184924981_id': [Errno 2] No such file or directory: 'C:/Users/Фёдор/Desktop/remake_text_rdy/remake/data/1184924981_id'
[2025-06-14 18:27:53.287759] Ошибка записи в файл 'C:/Users/Фёдор/Desktop/remake_text_rdy/remake/data/1184924981_id': [Errno 2] No such file or directory: 'C:/Users/Фёдор/Desktop/remake_text_rdy/remake/data/1184924981_id'
[2025-06-14 18:28:05.547284] Ошибка записи в файл 'C:/Users/Фёдор/Desktop/remake_text_rdy/remake/data/1184924981_id': [Errno 2] No such file or directory: 'C:/Users/Фёдор/Desktop/remake_text_rdy/remake/data/1184924981_id'
[2025-06-14 18:28:07.336057] Ошибка записи в файл 'C:/Users/Фёдор/Desktop/remake_text_rdy/remake/data/1184924981_id': [Errno 2] No such file or directory: 'C:/Users/Фёдор/Desktop/remake_text_rdy/remake/data/1184924981_id'
[2025-06-14 18:28:09.532506] Ошибка записи в файл 'C:/Users/Фёдор/Desktop/remake_text_rdy/remake/data/1184924981_id': [Errno 2] No such file or directory: 'C:/Users/Фёдор/Desktop/remake_text_rdy/remake/data/1184924981_id'
[2025-06-14 18:28:13.944868] Ошибка записи в файл 'C:/Users/Фёдор/Desktop/remake_text_rdy/remake/data/1184924981_id': [Errno 2] No such file or directory: 'C:/Users/Фёдор/Desktop/remake_text_rdy/remake/data/1184924981_id'
[2025-06-14 18:28:14.878708] Ошибка записи в файл 'C:/Users/Фёдор/Desktop/remake_text_rdy/remake/data/1184924981_id': [Errno 2] No such file or directory: 'C:/Users/Фёдор/Desktop/remake_text_rdy/remake/data/1184924981_id'
[2025-06-14 18:28:25.493042] Ошибка записи в файл 'C:/Users/Фёдор/Desktop/remake_text_rdy/remake/data/1184924981_id': [Errno 2] No such file or directory: 'C:/Users/Фёдор/Desktop/remake_text_rdy/remake/data/1184924981_id'
[2025-06-14 18:28:26.534048] Ошибка записи в файл 'C:/Users/Фёдор/Desktop/remake_text_rdy/remake/data/1184924981_id': [Errno 2] No such file or directory: 'C:/Users/Фёдор/Desktop/remake_text_rdy/remake/data/1184924981_id'
[2025-06-14 18:28:31.938502] Ошибка записи в файл 'C:/Users/Фёдор/Desktop/remake_text_rdy/remake/data/1184924981_id': [Errno 2] No such file or directory: 'C:/Users/Фёдор/Desktop/remake_text_rdy/remake/data/1184924981_id'
[2025-06-14 18:28:32.850489] Ошибка записи в файл 'C:/Users/Фёдор/Desktop/remake_text_rdy/remake/data/1184924981_id': [Errno 2] No such file or directory: 'C:/Users/Фёдор/Desktop/remake_text_rdy/remake/data/1184924981_id'
[2025-06-14 18:28:39.170398] Ошибка записи в файл 'C:/Users/Фёдор/Desktop/remake_text_rdy/remake/data/1184924981_id': [Errno 2] No such file or directory: 'C:/Users/Фёдор/Desktop/remake_text_rdy/remake/data/1184924981_id'
[2025-06-14 18:28:40.133414] Ошибка записи в файл 'C:/Users/Фёдор/Desktop/remake_text_rdy/remake/data/1184924981_id': [Errno 2] No such file or directory: 'C:/Users/Фёдор/Desktop/remake_text_rdy/remake/data/1184924981_id'
[2025-06-14 18:28:48.600700] Ошибка записи в файл 'C:/Users/Фёдор/Desktop/remake_text_rdy/remake/data/1184924981_id': [Errno 2] No such file or directory: 'C:/Users/Фёдор/Desktop/remake_text_rdy/remake/data/1184924981_id'
[2025-06-14 18:28:50.658011] Ошибка записи в файл 'C:/Users/Фёдор/Desktop/remake_text_rdy/remake/data/1184924981_id': [Errno 2] No such file or directory: 'C:/Users/Фёдор/Desktop/remake_text_rdy/remake/data/1184924981_id'
[2025-06-14 18:28:58.225434] Ошибка записи в файл 'C:/Users/Фёдор/Desktop/remake_text_rdy/remake/data/1184924981_id': [Errno 2] No such file or directory: 'C:/Users/Фёдор/Desktop/remake_text_rdy/remake/data/1184924981_id'
[2025-06-14 18:28:59.377549] Ошибка записи в файл 'C:/Users/Фёдор/Desktop/remake_text_rdy/remake/data/1184924981_id': [Errno 2] No such file or directory: 'C:/Users/Фёдор/Desktop/remake_text_rdy/remake/data/1184924981_id'
[2025-06-14 18:29:00.398950] Ошибка записи в файл 'C:/Users/Фёдор/Desktop/remake_text_rdy/remake/data/1184924981_id': [Errno 2] No such file or directory: 'C:/Users/Фёдор/Desktop/remake_text_rdy/remake/data/1184924981_id'
[2025-06-14 18:29:03.662067] Ошибка записи в файл 'C:/Users/Фёдор/Desktop/remake_text_rdy/remake/data/1184924981_id': [Errno 2] No such file or directory: 'C:/Users/Фёдор/Desktop/remake_text_rdy/remake/data/1184924981_id'
[2025-06-14 18:29:04.688467] Ошибка записи в файл 'C:/Users/Фёдор/Desktop/remake_text_rdy/remake/data/1184924981_id': [Errno 2] No such file or directory: 'C:/Users/Фёдор/Desktop/remake_text_rdy/remake/data/1184924981_id'
[2025-06-14 18:29:06.187741] Ошибка записи в файл 'C:/Users/Фёдор/Desktop/remake_text_rdy/remake/data/1184924981_id': [Errno 2] No such file or directory: 'C:/Users/Фёдор/Desktop/remake_text_rdy/remake/data/1184924981_id'
[2025-06-14 18:29:06.329310] Ошибка записи в файл 'C:/Users/Фёдор/Desktop/remake_text_rdy/remake/data/1184924981_id': [Errno 2] No such file or directory: 'C:/Users/Фёдор/Desktop/remake_text_rdy/remake/data/1184924981_id'
[2025-06-14 18:29:07.689168] Ошибка записи в файл 'C:/Users/Фёдор/Desktop/remake_text_rdy/remake/data/1184924981_id': [Errno 2] No such file or directory: 'C:/Users/Фёдор/Desktop/remake_text_rdy/remake/data/1184924981_id'
[2025-06-14 18:29:10.456621] Ошибка записи в файл 'C:/Users/Фёдор/Desktop/remake_text_rdy/remake/data/1184924981_id': [Errno 2] No such file or directory: 'C:/Users/Фёдор/Desktop/remake_text_rdy/remake/data/1184924981_id'
[2025-06-14 18:29:11.385548] Ошибка записи в файл 'C:/Users/Фёдор/Desktop/remake_text_rdy/remake/data/1184924981_id': [Errno 2] No such file or directory: 'C:/Users/Фёдор/Desktop/remake_text_rdy/remake/data/1184924981_id'
[2025-06-14 18:29:13.261408] Ошибка записи в файл 'C:/Users/Фёдор/Desktop/remake_text_rdy/remake/data/1184924981_id': [Errno 2] No such file or directory: 'C:/Users/Фёдор/Desktop/remake_text_rdy/remake/data/1184924981_id'
[2025-06-14 18:29:15.337855] Ошибка записи в файл 'C:/Users/Фёдор/Desktop/remake_text_rdy/remake/data/1184924981_id': [Errno 2] No such file or directory: 'C:/Users/Фёдор/Desktop/remake_text_rdy/remake/data/1184924981_id'
[2025-06-14 18:29:19.661126] Ошибка записи в файл 'C:/Users/Фёдор/Desktop/remake_text_rdy/remake/data/1184924981_id': [Errno 2] No such file or directory: 'C:/Users/Фёдор/Desktop/remake_text_rdy/remake/data/1184924981_id'
[2025-06-14 18:29:20.786196] Ошибка записи в файл 'C:/Users/Фёдор/Desktop/remake_text_rdy/remake/data/1184924981_id': [Errno 2] No such file or directory: 'C:/Users/Фёдор/Desktop/remake_text_rdy/remake/data/1184924981_id'
[2025-06-14 18:29:23.682185] Ошибка записи в файл 'C:/Users/Фёдор/Desktop/remake_text_rdy/remake/data/1184924981_id': [Errno 2] No such file or directory: 'C:/Users/Фёдор/Desktop/remake_text_rdy/remake/data/1184924981_id'
[2025-06-14 18:29:25.041344] Ошибка записи в файл 'C:/Users/Фёдор/Desktop/remake_text_rdy/remake/data/1184924981_id': [Errno 2] No such file or directory: 'C:/Users/Фёдор/Desktop/remake_text_rdy/remake/data/1184924981_id'
[2025-06-14 18:29:26.929160] Ошибка записи в файл 'C:/Users/Фёдор/Desktop/remake_text_rdy/remake/data/1184924981_id': [Errno 2] No such file or directory: 'C:/Users/Фёдор/Desktop/remake_text_rdy/remake/data/1184924981_id'
[2025-06-14 18:29:27.841814] Ошибка записи в файл 'C:/Users/Фёдор/Desktop/remake_text_rdy/remake/data/1184924981_id': [Errno 2] No such file or directory: 'C:/Users/Фёдор/Desktop/remake_text_rdy/remake/data/1184924981_id'
[2025-06-14 18:29:28.622354] Ошибка записи в файл 'C:/Users/Фёдор/Desktop/remake_text_rdy/remake/data/1184924981_id': [Errno 2] No such file or directory: 'C:/Users/Фёдор/Desktop/remake_text_rdy/remake/data/1184924981_id'
[2025-06-14 18:32:29.741686] Ошибка записи в файл 'C:/Users/Фёдор/Desktop/remake_text_rdy/remake/data/1184924981_id': [Errno 2] No such file or directory: 'C:/Users/Фёдор/Desktop/remake_text_rdy/remake/data/1184924981_id'
[2025-06-14 18:45:55.248303] Ошибка записи в файл 'C:/Users/Фёдор/Desktop/remake_text_rdy/remake/data/1184924981_id': [Errno 2] No such file or directory: 'C:/Users/Фёдор/Desktop/remake_text_rdy/remake/data/1184924981_id'
[2025-06-14 18:47:07.747735] Ошибка записи в файл 'C:/Users/Фёдор/Desktop/remake_text_rdy/remake/data/1184924981_id': [Errno 2] No such file or directory: 'C:/Users/Фёдор/Desktop/remake_text_rdy/remake/data/1184924981_id'
[2025-06-14 18:47:09.256755] Ошибка записи в файл 'C:/Users/Фёдор/Desktop/remake_text_rdy/remake/data/1184924981_id': [Errno 2] No such file or directory: 'C:/Users/Фёдор/Desktop/remake_text_rdy/remake/data/1184924981_id'
[2025-06-14 18:47:10.195298] Ошибка записи в файл 'C:/Users/Фёдор/Desktop/remake_text_rdy/remake/data/1184924981_id': [Errno 2] No such file or directory: 'C:/Users/Фёдор/Desktop/remake_text_rdy/remake/data/1184924981_id'
[2025-06-14 18:49:19.497030] Ошибка записи в файл 'C:/Users/Фёдор/Desktop/remake_text_rdy/remake/data/1184924981_id': [Errno 2] No such file or directory: 'C:/Users/Фёдор/Desktop/remake_text_rdy/remake/data/1184924981_id'
[2025-06-14 18:49:20.916113] Ошибка записи в файл 'C:/Users/Фёдор/Desktop/remake_text_rdy/remake/data/1184924981_id': [Errno 2] No such file or directory: 'C:/Users/Фёдор/Desktop/remake_text_rdy/remake/data/1184924981_id'
[2025-06-14 18:49:26.033063] Ошибка записи в файл 'C:/Users/Фёдор/Desktop/remake_text_rdy/remake/data/1184924981_id': [Errno 2] No such file or directory: 'C:/Users/Фёдор/Desktop/remake_text_rdy/remake/data/1184924981_id'
[2025-06-14 18:49:42.830131] Ошибка записи в файл 'C:/Users/Фёдор/Desktop/remake_text_rdy/remake/data/1184924981_id': [Errno 2] No such file or directory: 'C:/Users/Фёдор/Desktop/remake_text_rdy/remake/data/1184924981_id'
[2025-06-14 18:49:44.477032] Ошибка записи в файл 'C:/Users/Фёдор/Desktop/remake_text_rdy/remake/data/1184924981_id': [Errno 2] No such file or directory: 'C:/Users/Фёдор/Desktop/remake_text_rdy/remake/data/1184924981_id'
[2025-06-14 18:49:46.475764] Ошибка записи в файл 'C:/Users/Фёдор/Desktop/remake_text_rdy/remake/data/1184924981_id': [Errno 2] No such file or directory: 'C:/Users/Фёдор/Desktop/remake_text_rdy/remake/data/1184924981_id'
[2025-06-14 19:09:18.139756] Ошибка записи в файл 'C:/Users/Фёдор/Desktop/remake_text_rdy/remake/data/1184924981_id': [Errno 2] No such file or directory: 'C:/Users/Фёдор/Desktop/remake_text_rdy/remake/data/1184924981_id'
[2025-06-14 19:09:22.376750] Ошибка записи в файл 'C:/Users/Фёдор/Desktop/remake_text_rdy/remake/data/1184924981_id': [Errno 2] No such file or directory: 'C:/Users/Фёдор/Desktop/remake_text_rdy/remake/data/1184924981_id'
[2025-06-14 19:09:23.630238] Ошибка записи в файл 'C:/Users/Фёдор/Desktop/remake_text_rdy/remake/data/1184924981_id': [Errno 2] No such file or directory: 'C:/Users/Фёдор/Desktop/remake_text_rdy/remake/data/1184924981_id'
[2025-06-14 19:09:24.925035] Ошибка записи в файл 'C:/Users/Фёдор/Desktop/remake_text_rdy/remake/data/1184924981_id': [Errno 2] No such file or directory: 'C:/Users/Фёдор/Desktop/remake_text_rdy/remake/data/1184924981_id'
[2025-06-14 19:09:32.290767] Ошибка записи в файл 'C:/Users/Фёдор/Desktop/remake_text_rdy/remake/data/1184924981_id': [Errno 2] No such file or directory: 'C:/Users/Фёдор/Desktop/remake_text_rdy/remake/data/1184924981_id'
[2025-06-14 19:09:33.449249] Ошибка записи в файл 'C:/Users/Фёдор/Desktop/remake_text_rdy/remake/data/1184924981_id': [Errno 2] No such file or directory: 'C:/Users/Фёдор/Desktop/remake_text_rdy/remake/data/1184924981_id'
[2025-06-14 19:09:34.321950] Ошибка записи в файл 'C:/Users/Фёдор/Desktop/remake_text_rdy/remake/data/1184924981_id': [Errno 2] No such file or directory: 'C:/Users/Фёдор/Desktop/remake_text_rdy/remake/data/1184924981_id'
[2025-06-14 19:09:35.819986] Ошибка записи в файл 'C:/Users/Фёдор/Desktop/remake_text_rdy/remake/data/1184924981_id': [Errno 2] No such file or directory: 'C:/Users/Фёдор/Desktop/remake_text_rdy/remake/data/1184924981_id'
[2025-06-14 19:16:10.318675] Ошибка записи в файл 'C:/Users/Фёдор/Desktop/remake_text_rdy/remake/data/1184924981_id': [Errno 2] No such file or directory: 'C:/Users/Фёдор/Desktop/remake_text_rdy/remake/data/1184924981_id'
[2025-06-14 19:16:14.448688] Ошибка записи в файл 'C:/Users/Фёдор/Desktop/remake_text_rdy/remake/data/1184924981_id': [Errno 2] No such file or directory: 'C:/Users/Фёдор/Desktop/remake_text_rdy/remake/data/1184924981_id'
[2025-06-14 19:16:15.870079] Ошибка записи в файл 'C:/Users/Фёдор/Desktop/remake_text_rdy/remake/data/1184924981_id': [Errno 2] No such file or directory: 'C:/Users/Фёдор/Desktop/remake_text_rdy/remake/data/1184924981_id'
[2025-06-14 19:16:16.734686] Ошибка записи в файл 'C:/Users/Фёдор/Desktop/remake_text_rdy/remake/data/1184924981_id': [Errno 2] No such file or directory: 'C:/Users/Фёдор/Desktop/remake_text_rdy/remake/data/1184924981_id'
[2025-06-14 19:16:20.271957] Ошибка записи в файл 'C:/Users/Фёдор/Desktop/remake_text_rdy/remake/data/1184924981_id': [Errno 2] No such file or directory: 'C:/Users/Фёдор/Desktop/remake_text_rdy/remake/data/1184924981_id'
[2025-06-14 19:16:21.652743] Ошибка записи в файл 'C:/Users/Фёдор/Desktop/remake_text_rdy/remake/data/1184924981_id': [Errno 2] No such file or directory: 'C:/Users/Фёдор/Desktop/remake_text_rdy/remake/data/1184924981_id'
[2025-06-14 19:16:22.566585] Ошибка записи в файл 'C:/Users/Фёдор/Desktop/remake_text_rdy/remake/data/1184924981_id': [Errno 2] No such file or directory: 'C:/Users/Фёдор/Desktop/remake_text_rdy/remake/data/1184924981_id'
[2025-06-14 19:16:23.748657] Ошибка записи в файл 'C:/Users/Фёдор/Desktop/remake_text_rdy/remake/data/1184924981_id': [Errno 2] No such file or directory: 'C:/Users/Фёдор/Desktop/remake_text_rdy/remake/data/1184924981_id'
[2025-06-14 19:19:02.188229] Ошибка записи в файл 'C:/Users/Фёдор/Desktop/remake_text_rdy/remake/data/1184924981_id': [Errno 2] No such file or directory: 'C:/Users/Фёдор/Desktop/remake_text_rdy/remake/data/1184924981_id'
[2025-06-14 19:19:15.512559] Ошибка записи в файл 'C:/Users/Фёдор/Desktop/remake_text_rdy/remake/data/1184924981_id': [Errno 2] No such file or directory: 'C:/Users/Фёдор/Desktop/remake_text_rdy/remake/data/1184924981_id'
[2025-06-14 19:20:02.313829] Ошибка записи в файл 'C:/Users/Фёдор/Desktop/remake_text_rdy/remake/data/1184924981_id': [Errno 2] No such file or directory: 'C:/Users/Фёдор/Desktop/remake_text_rdy/remake/data/1184924981_id'
[2025-06-14 19:20:12.881052] Ошибка записи в файл 'C:/Users/Фёдор/Desktop/remake_text_rdy/remake/data/1184924981_id': [Errno 2] No such file or directory: 'C:/Users/Фёдор/Desktop/remake_text_rdy/remake/data/1184924981_id'
[2025-06-14 19:27:15.886421] Ошибка записи в файл 'C:/Users/Фёдор/Desktop/remake_text_rdy/remake/data/1184924981_id': [Errno 2] No such file or directory: 'C:/Users/Фёдор/Desktop/remake_text_rdy/remake/data/1184924981_id'
[2025-06-14 19:27:16.714354] Ошибка записи в файл 'C:/Users/Фёдор/Desktop/remake_text_rdy/remake/data/1184924981_id': [Errno 2] No such file or directory: 'C:/Users/Фёдор/Desktop/remake_text_rdy/remake/data/1184924981_id'
[2025-06-14 19:27:34.704210] Недопустимые символы в data: 'Гараж, примыкающий к дому%Доп. гараж'
[2025-06-14 19:27:54.576289] Ошибка записи в файл 'C:/Users/Фёдор/Desktop/remake_text_rdy/remake/data/1184924981_id': [Errno 2] No such file or directory: 'C:/Users/Фёдор/Desktop/remake_text_rdy/remake/data/1184924981_id'
[2025-06-14 19:29:23.583599] Ошибка записи в файл 'C:/Users/Фёдор/Desktop/remake_text_rdy/remake/data/1184924981_id': [Errno 2] No such file or directory: 'C:/Users/Фёдор/Desktop/remake_text_rdy/remake/data/1184924981_id'
[2025-06-14 19:29:34.197755] Ошибка записи в файл 'C:/Users/Фёдор/Desktop/remake_text_rdy/remake/data/1184924981_id': [Errno 2] No such file or directory: 'C:/Users/Фёдор/Desktop/remake_text_rdy/remake/data/1184924981_id'
[2025-06-14 19:29:49.810651] Ошибка записи в файл 'C:/Users/Фёдор/Desktop/remake_text_rdy/remake/data/1184924981_id': [Errno 2] No such file or directory: 'C:/Users/Фёдор/Desktop/remake_text_rdy/remake/data/1184924981_id'
[2025-06-14 19:29:52.923809] Ошибка записи в файл 'C:/Users/Фёдор/Desktop/remake_text_rdy/remake/data/1184924981_id': [Errno 2] No such file or directory: 'C:/Users/Фёдор/Desktop/remake_text_rdy/remake/data/1184924981_id'
[2025-06-14 19:30:09.727586] Ошибка записи в файл 'C:/Users/Фёдор/Desktop/remake_text_rdy/remake/data/1184924981_id': [Errno 2] No such file or directory: 'C:/Users/Фёдор/Desktop/remake_text_rdy/remake/data/1184924981_id'
[2025-06-14 19:30:16.248373] Ошибка записи в файл 'C:/Users/Фёдор/Desktop/remake_text_rdy/remake/data/1184924981_id': [Errno 2] No such file or directory: 'C:/Users/Фёдор/Desktop/remake_text_rdy/remake/data/1184924981_id'
[2025-06-14 19:30:23.270865] Ошибка записи в файл 'C:/Users/Фёдор/Desktop/remake_text_rdy/remake/data/1184924981_id': [Errno 2] No such file or directory: 'C:/Users/Фёдор/Desktop/remake_text_rdy/remake/data/1184924981_id'
[2025-06-14 19:30:28.612680] Ошибка записи в файл 'C:/Users/Фёдор/Desktop/remake_text_rdy/remake/data/1184924981_id': [Errno 2] No such file or directory: 'C:/Users/Фёдор/Desktop/remake_text_rdy/remake/data/1184924981_id'
[2025-06-14 19:30:53.907886] Ошибка записи в файл 'C:/Users/Фёдор/Desktop/remake_text_rdy/remake/data/1184924981_id': [Errno 2] No such file or directory: 'C:/Users/Фёдор/Desktop/remake_text_rdy/remake/data/1184924981_id'
[2025-06-14 19:31:00.458741] Ошибка записи в файл 'C:/Users/Фёдор/Desktop/remake_text_rdy/remake/data/1184924981_id': [Errno 2] No such file or directory: 'C:/Users/Фёдор/Desktop/remake_text_rdy/remake/data/1184924981_id'
[2025-06-14 19:31:04.314942] Ошибка записи в файл 'C:/Users/Фёдор/Desktop/remake_text_rdy/remake/data/1184924981_id': [Errno 2] No such file or directory: 'C:/Users/Фёдор/Desktop/remake_text_rdy/remake/data/1184924981_id'
[2025-06-14 19:31:10.616383] Ошибка записи в файл 'C:/Users/Фёдор/Desktop/remake_text_rdy/remake/data/1184924981_id': [Errno 2] No such file or directory: 'C:/Users/Фёдор/Desktop/remake_text_rdy/remake/data/1184924981_id'
[2025-06-14 19:31:20.448794] Ошибка записи в файл 'C:/Users/Фёдор/Desktop/remake_text_rdy/remake/data/1184924981_id': [Errno 2] No such file or directory: 'C:/Users/Фёдор/Desktop/remake_text_rdy/remake/data/1184924981_id'
[2025-06-14 20:39:09.435392] Ошибка записи в файл 'C:/Users/Фёдор/Desktop/remake_text_rdy/remake/data/1751965432_id': [Errno 2] No such file or directory: 'C:/Users/Фёдор/Desktop/remake_text_rdy/remake/data/1751965432_id'
[2025-06-14 20:39:18.662076] Ошибка записи в файл 'C:/Users/Фёдор/Desktop/remake_text_rdy/remake/data/1751965432_id': [Errno 2] No such file or directory: 'C:/Users/Фёдор/Desktop/remake_text_rdy/remake/data/1751965432_id'
[2025-06-15 18:55:26.313700] Ошибка записи в файл 'C:/Users/Фёдор/Desktop/remake_text_rdy/remake/data/73262536_id': [Errno 2] No such file or directory: 'C:/Users/Фёдор/Desktop/remake_text_rdy/remake/data/73262536_id'
[2025-06-15 18:55:42.848464] Ошибка записи в файл 'C:/Users/Фёдор/Desktop/remake_text_rdy/remake/data/73262536_id': [Errno 2] No such file or directory: 'C:/Users/Фёдор/Desktop/remake_text_rdy/remake/data/73262536_id'
[2025-06-15 18:56:19.202610] Ошибка записи в файл 'C:/Users/Фёдор/Desktop/remake_text_rdy/remake/data/73262536_id': [Errno 2] No such file or directory: 'C:/Users/Фёдор/Desktop/remake_text_rdy/remake/data/73262536_id'
[2025-06-15 18:56:25.174131] Ошибка записи в файл 'C:/Users/Фёдор/Desktop/remake_text_rdy/remake/data/73262536_id': [Errno 2] No such file or directory: 'C:/Users/Фёдор/Desktop/remake_text_rdy/remake/data/73262536_id'
[2025-06-15 18:56:55.811707] Ошибка записи в файл 'C:/Users/Фёдор/Desktop/remake_text_rdy/remake/data/73262536_id': [Errno 2] No such file or directory: 'C:/Users/Фёдор/Desktop/remake_text_rdy/remake/data/73262536_id'
[2025-06-15 18:57:01.801307] Ошибка записи в файл 'C:/Users/Фёдор/Desktop/remake_text_rdy/remake/data/73262536_id': [Errno 2] No such file or directory: 'C:/Users/Фёдор/Desktop/remake_text_rdy/remake/data/73262536_id'
[2025-06-15 18:58:26.617283] Ошибка записи в файл 'C:/Users/Фёдор/Desktop/remake_text_rdy/remake/data/73262536_id': [Errno 2] No such file or directory: 'C:/Users/Фёдор/Desktop/remake_text_rdy/remake/data/73262536_id'
[2025-06-15 18:58:38.531440] Ошибка записи в файл 'C:/Users/Фёдор/Desktop/remake_text_rdy/remake/data/73262536_id': [Errno 2] No such file or directory: 'C:/Users/Фёдор/Desktop/remake_text_rdy/remake/data/73262536_id'
[2025-06-15 19:05:41.173847] Ошибка записи в файл 'C:/Users/Фёдор/Desktop/remake_text_rdy/remake/data/73262536_id': [Errno 2] No such file or directory: 'C:/Users/Фёдор/Desktop/remake_text_rdy/remake/data/73262536_id'
[2025-06-15 19:30:31.551069] Ошибка записи в файл 'C:/Users/Фёдор/Desktop/remake_text_rdy/remake/data/1751965432_id': [Errno 2] No such file or directory: 'C:/Users/Фёдор/Desktop/remake_text_rdy/remake/data/1751965432_id'
[2025-06-15 19:30:58.882105] Ошибка записи в файл 'C:/Users/Фёдор/Desktop/remake_text_rdy/remake/data/1751965432_id': [Errno 2] No such file or directory: 'C:/Users/Фёдор/Desktop/remake_text_rdy/remake/data/1751965432_id'
[2025-06-15 19:31:27.744948] Ошибка записи в файл 'C:/Users/Фёдор/Desktop/remake_text_rdy/remake/data/1751965432_id': [Errno 2] No such file or directory: 'C:/Users/Фёдор/Desktop/remake_text_rdy/remake/data/1751965432_id'
[2025-06-15 19:31:33.339113] Ошибка записи в файл 'C:/Users/Фёдор/Desktop/remake_text_rdy/remake/data/1751965432_id': [Errno 2] No such file or directory: 'C:/Users/Фёдор/Desktop/remake_text_rdy/remake/data/1751965432_id'
[2025-06-15 20:14:50.429892] Недопустимые символы в data: 'Навес для авто%Гараж, примыкающий к дому'
[2025-06-15 20:15:06.974104] Недопустимые символы в data: 'Навес для авто, примыкающий к дому'
[2025-06-15 20:18:47.033318] Ошибка записи в файл 'C:/Users/Фёдор/Desktop/remake_text_rdy/remake/data/1751965432_id': [Errno 2] No such file or directory: 'C:/Users/Фёдор/Desktop/remake_text_rdy/remake/data/1751965432_id'
[2025-06-15 20:30:34.565731] Ошибка записи в файл 'C:/Users/Фёдор/Desktop/remake_text_rdy/remake/data/1751965432_id': [Errno 2] No such file or directory: 'C:/Users/Фёдор/Desktop/remake_text_rdy/remake/data/1751965432_id'
[2025-06-15 20:30:40.747477] Ошибка записи в файл 'C:/Users/Фёдор/Desktop/remake_text_rdy/remake/data/1751965432_id': [Errno 2] No such file or directory: 'C:/Users/Фёдор/Desktop/remake_text_rdy/remake/data/1751965432_id'
[2025-06-15 20:31:10.894797] Ошибка записи в файл 'C:/Users/Фёдор/Desktop/remake_text_rdy/remake/data/1751965432_id': [Errno 2] No such file or directory: 'C:/Users/Фёдор/Desktop/remake_text_rdy/remake/data/1751965432_id'
[2025-06-15 20:31:16.355340] Ошибка записи в файл 'C:/Users/Фёдор/Desktop/remake_text_rdy/remake/data/1751965432_id': [Errno 2] No such file or directory: 'C:/Users/Фёдор/Desktop/remake_text_rdy/remake/data/1751965432_id'
[2025-06-15 20:31:22.694350] Ошибка записи в файл 'C:/Users/Фёдор/Desktop/remake_text_rdy/remake/data/1751965432_id': [Errno 2] No such file or directory: 'C:/Users/Фёдор/Desktop/remake_text_rdy/remake/data/1751965432_id'
[2025-06-15 20:31:38.791565] Ошибка записи в файл 'C:/Users/Фёдор/Desktop/remake_text_rdy/remake/data/1751965432_id': [Errno 2] No such file or directory: 'C:/Users/Фёдор/Desktop/remake_text_rdy/remake/data/1751965432_id'
[2025-06-15 20:31:49.606807] Ошибка записи в файл 'C:/Users/Фёдор/Desktop/remake_text_rdy/remake/data/1751965432_id': [Errno 2] No such file or directory: 'C:/Users/Фёдор/Desktop/remake_text_rdy/remake/data/1751965432_id'
[2025-06-16 19:04:25.578377] Ошибка записи в файл 'C:/Users/Фёдор/Desktop/remake_text_rdy/remake/data/1751965432_id': [Errno 2] No such file or directory: 'C:/Users/Фёдор/Desktop/remake_text_rdy/remake/data/1751965432_id'
[2025-06-16 19:11:24.914948] Неверный индекс number: 7
[2025-06-16 19:11:41.758412] Неверный индекс number: +7
[2025-06-16 21:11:32.247132] Неверный индекс number: +79999999999
[2025-06-16 21:11:38.763079] Ошибка записи в файл 'C:/Users/akuch/Desktop/remake/data/1184924981_id': [Errno 2] No such file or directory: 'C:/Users/akuch/Desktop/remake/data/1184924981_id'
[2025-06-16 21:11:51.985016] Ошибка записи в файл 'C:/Users/akuch/Desktop/remake/data/1184924981_id': [Errno 2] No such file or directory: 'C:/Users/akuch/Desktop/remake/data/1184924981_id'
[2025-06-16 21:12:04.878705] Ошибка записи в файл 'C:/Users/akuch/Desktop/remake/data/1184924981_id': [Errno 2] No such file or directory: 'C:/Users/akuch/Desktop/remake/data/1184924981_id'
[2025-06-16 21:12:13.503336] Ошибка записи в файл 'C:/Users/akuch/Desktop/remake/data/1184924981_id': [Errno 2] No such file or directory: 'C:/Users/akuch/Desktop/remake/data/1184924981_id'
[2025-06-16 21:12:19.439798] Ошибка записи в файл 'C:/Users/akuch/Desktop/remake/data/1184924981_id': [Errno 2] No such file or directory: 'C:/Users/akuch/Desktop/remake/data/1184924981_id'
[2025-06-16 21:12:32.799266] Ошибка записи в файл 'C:/Users/akuch/Desktop/remake/data/1184924981_id': [Errno 2] No such file or directory: 'C:/Users/akuch/Desktop/remake/data/1184924981_id'
[2025-06-16 21:12:50.857590] Ошибка записи в файл 'C:/Users/akuch/Desktop/remake/data/1184924981_id': [Errno 2] No such file or directory: 'C:/Users/akuch/Desktop/remake/data/1184924981_id'
[2025-06-16 21:13:35.214376] Ошибка записи в файл 'C:/Users/akuch/Desktop/remake/data/1184924981_id': [Errno 2] No such file or directory: 'C:/Users/akuch/Desktop/remake/data/1184924981_id'
[2025-06-16 21:14:13.717617] Ошибка записи в файл 'C:/Users/akuch/Desktop/remake/data/1184924981_id': [Errno 2] No such file or directory: 'C:/Users/akuch/Desktop/remake/data/1184924981_id'
[2025-06-16 21:14:26.946986] Ошибка записи в файл 'C:/Users/akuch/Desktop/remake/data/1184924981_id': [Errno 2] No such file or directory: 'C:/Users/akuch/Desktop/remake/data/1184924981_id'
[2025-06-16 21:14:44.508366] Ошибка записи в файл 'C:/Users/akuch/Desktop/remake/data/1184924981_id': [Errno 2] No such file or directory: 'C:/Users/akuch/Desktop/remake/data/1184924981_id'
[2025-06-16 21:15:27.967519] Ошибка записи в файл 'C:/Users/akuch/Desktop/remake/data/1184924981_id': [Errno 2] No such file or directory: 'C:/Users/akuch/Desktop/remake/data/1184924981_id'
[2025-06-16 21:15:30.580585] Ошибка записи в файл 'C:/Users/akuch/Desktop/remake/data/1184924981_id': [Errno 2] No such file or directory: 'C:/Users/akuch/Desktop/remake/data/1184924981_id'
[2025-06-16 21:15:35.524393] Ошибка записи в файл 'C:/Users/akuch/Desktop/remake/data/1184924981_id': [Errno 2] No such file or directory: 'C:/Users/akuch/Desktop/remake/data/1184924981_id'
[2025-06-16 21:15:50.389981] Ошибка записи в файл 'C:/Users/akuch/Desktop/remake/data/1184924981_id': [Errno 2] No such file or directory: 'C:/Users/akuch/Desktop/remake/data/1184924981_id'
[2025-06-16 21:16:00.809090] Ошибка записи в файл 'C:/Users/akuch/Desktop/remake/data/1184924981_id': [Errno 2] No such file or directory: 'C:/Users/akuch/Desktop/remake/data/1184924981_id'
[2025-06-16 21:18:01.597559] Ошибка записи в файл 'C:/Users/akuch/Desktop/remake/data/1184924981_id': [Errno 2] No such file or directory: 'C:/Users/akuch/Desktop/remake/data/1184924981_id'
[2025-06-16 21:18:18.210769] Ошибка записи в файл 'C:/Users/akuch/Desktop/remake/data/1184924981_id': [Errno 2] No such file or directory: 'C:/Users/akuch/Desktop/remake/data/1184924981_id'
[2025-06-16 21:19:05.316175] Ошибка записи в файл 'C:/Users/akuch/Desktop/remake/data/1184924981_id': [Errno 2] No such file or directory: 'C:/Users/akuch/Desktop/remake/data/1184924981_id'
[2025-06-16 21:19:09.938198] Ошибка записи в файл 'C:/Users/akuch/Desktop/remake/data/1184924981_id': [Errno 2] No such file or directory: 'C:/Users/akuch/Desktop/remake/data/1184924981_id'
[2025-06-16 21:19:22.825472] Ошибка записи в файл 'C:/Users/akuch/Desktop/remake/data/1184924981_id': [Errno 2] No such file or directory: 'C:/Users/akuch/Desktop/remake/data/1184924981_id'
[2025-06-16 21:19:31.848126] Ошибка записи в файл 'C:/Users/akuch/Desktop/remake/data/1184924981_id': [Errno 2] No such file or directory: 'C:/Users/akuch/Desktop/remake/data/1184924981_id'
[2025-06-16 21:19:42.271329] Ошибка записи в файл 'C:/Users/akuch/Desktop/remake/data/1184924981_id': [Errno 2] No such file or directory: 'C:/Users/akuch/Desktop/remake/data/1184924981_id'
[2025-06-16 21:19:46.144410] Ошибка записи в файл 'C:/Users/akuch/Desktop/remake/data/1184924981_id': [Errno 2] No such file or directory: 'C:/Users/akuch/Desktop/remake/data/1184924981_id'
[2025-06-16 21:19:53.281146] Ошибка записи в файл 'C:/Users/akuch/Desktop/remake/data/1184924981_id': [Errno 2] No such file or directory: 'C:/Users/akuch/Desktop/remake/data/1184924981_id'
[2025-06-16 21:19:57.984113] Ошибка записи в файл 'C:/Users/akuch/Desktop/remake/data/1184924981_id': [Errno 2] No such file or directory: 'C:/Users/akuch/Desktop/remake/data/1184924981_id'
[2025-06-16 21:20:06.987444] Ошибка записи в файл 'C:/Users/akuch/Desktop/remake/data/1184924981_id': [Errno 2] No such file or directory: 'C:/Users/akuch/Desktop/remake/data/1184924981_id'
[2025-06-16 21:20:09.357353] Ошибка записи в файл 'C:/Users/akuch/Desktop/remake/data/1184924981_id': [Errno 2] No such file or directory: 'C:/Users/akuch/Desktop/remake/data/1184924981_id'
[2025-06-16 21:20:19.456097] Ошибка записи в файл 'C:/Users/akuch/Desktop/remake/data/1184924981_id': [Errno 2] No such file or directory: 'C:/Users/akuch/Desktop/remake/data/1184924981_id'
[2025-06-16 21:20:24.274006] Ошибка записи в файл 'C:/Users/akuch/Desktop/remake/data/1184924981_id': [Errno 2] No such file or directory: 'C:/Users/akuch/Desktop/remake/data/1184924981_id'
[2025-06-16 21:20:25.748818] Ошибка записи в файл 'C:/Users/akuch/Desktop/remake/data/1184924981_id': [Errno 2] No such file or directory: 'C:/Users/akuch/Desktop/remake/data/1184924981_id'
[2025-06-16 21:20:28.501462] Ошибка записи в файл 'C:/Users/akuch/Desktop/remake/data/1184924981_id': [Errno 2] No such file or directory: 'C:/Users/akuch/Desktop/remake/data/1184924981_id'
[2025-06-16 21:20:31.192382] Ошибка записи в файл 'C:/Users/akuch/Desktop/remake/data/1184924981_id': [Errno 2] No such file or directory: 'C:/Users/akuch/Desktop/remake/data/1184924981_id'
[2025-06-16 21:20:33.507332] Ошибка записи в файл 'C:/Users/akuch/Desktop/remake/data/1184924981_id': [Errno 2] No such file or directory: 'C:/Users/akuch/Desktop/remake/data/1184924981_id'
[2025-06-16 21:20:42.426898] Ошибка записи в файл 'C:/Users/akuch/Desktop/remake/data/1184924981_id': [Errno 2] No such file or directory: 'C:/Users/akuch/Desktop/remake/data/1184924981_id'
[2025-06-16 21:20:46.737360] Ошибка записи в файл 'C:/Users/akuch/Desktop/remake/data/1184924981_id': [Errno 2] No such file or directory: 'C:/Users/akuch/Desktop/remake/data/1184924981_id'
[2025-06-16 21:20:48.280582] Ошибка записи в файл 'C:/Users/akuch/Desktop/remake/data/1184924981_id': [Errno 2] No such file or directory: 'C:/Users/akuch/Desktop/remake/data/1184924981_id'
[2025-06-16 21:20:51.605053] Ошибка записи в файл 'C:/Users/akuch/Desktop/remake/data/1184924981_id': [Errno 2] No such file or directory: 'C:/Users/akuch/Desktop/remake/data/1184924981_id'
[2025-06-16 21:20:54.036972] Ошибка записи в файл 'C:/Users/akuch/Desktop/remake/data/1184924981_id': [Errno 2] No such file or directory: 'C:/Users/akuch/Desktop/remake/data/1184924981_id'
[2025-06-16 21:20:58.162018] Ошибка записи в файл 'C:/Users/akuch/Desktop/remake/data/1184924981_id': [Errno 2] No such file or directory: 'C:/Users/akuch/Desktop/remake/data/1184924981_id'
[2025-06-16 21:21:00.596581] Ошибка записи в файл 'C:/Users/akuch/Desktop/remake/data/1184924981_id': [Errno 2] No such file or directory: 'C:/Users/akuch/Desktop/remake/data/1184924981_id'
[2025-06-16 21:21:05.256490] Ошибка записи в файл 'C:/Users/akuch/Desktop/remake/data/1184924981_id': [Errno 2] No such file or directory: 'C:/Users/akuch/Desktop/remake/data/1184924981_id'
[2025-06-16 21:21:07.053223] Ошибка записи в файл 'C:/Users/akuch/Desktop/remake/data/1184924981_id': [Errno 2] No such file or directory: 'C:/Users/akuch/Desktop/remake/data/1184924981_id'
[2025-06-16 21:21:10.777333] Ошибка записи в файл 'C:/Users/akuch/Desktop/remake/data/1184924981_id': [Errno 2] No such file or directory: 'C:/Users/akuch/Desktop/remake/data/1184924981_id'
[2025-06-16 21:21:12.524851] Ошибка записи в файл 'C:/Users/akuch/Desktop/remake/data/1184924981_id': [Errno 2] No such file or directory: 'C:/Users/akuch/Desktop/remake/data/1184924981_id'
[2025-06-16 21:21:14.840725] Ошибка записи в файл 'C:/Users/akuch/Desktop/remake/data/1184924981_id': [Errno 2] No such file or directory: 'C:/Users/akuch/Desktop/remake/data/1184924981_id'
[2025-06-16 21:21:16.117338] Ошибка записи в файл 'C:/Users/akuch/Desktop/remake/data/1184924981_id': [Errno 2] No such file or directory: 'C:/Users/akuch/Desktop/remake/data/1184924981_id'
[2025-06-16 21:21:20.881814] Ошибка записи в файл 'C:/Users/akuch/Desktop/remake/data/1184924981_id': [Errno 2] No such file or directory: 'C:/Users/akuch/Desktop/remake/data/1184924981_id'
[2025-06-16 21:21:27.697598] Ошибка записи в файл 'C:/Users/akuch/Desktop/remake/data/1184924981_id': [Errno 2] No such file or directory: 'C:/Users/akuch/Desktop/remake/data/1184924981_id'
[2025-06-16 21:21:29.255772] Ошибка записи в файл 'C:/Users/akuch/Desktop/remake/data/1184924981_id': [Errno 2] No such file or directory: 'C:/Users/akuch/Desktop/remake/data/1184924981_id'
[2025-06-16 21:21:32.351500] Ошибка записи в файл 'C:/Users/akuch/Desktop/remake/data/1184924981_id': [Errno 2] No such file or directory: 'C:/Users/akuch/Desktop/remake/data/1184924981_id'
[2025-06-16 21:21:35.743853] Ошибка записи в файл 'C:/Users/akuch/Desktop/remake/data/1184924981_id': [Errno 2] No such file or directory: 'C:/Users/akuch/Desktop/remake/data/1184924981_id'
[2025-06-16 21:21:40.281444] Ошибка записи в файл 'C:/Users/akuch/Desktop/remake/data/1184924981_id': [Errno 2] No such file or directory: 'C:/Users/akuch/Desktop/remake/data/1184924981_id'
[2025-06-16 21:21:42.190633] Ошибка записи в файл 'C:/Users/akuch/Desktop/remake/data/1184924981_id': [Errno 2] No such file or directory: 'C:/Users/akuch/Desktop/remake/data/1184924981_id'
[2025-06-16 21:21:44.402561] Ошибка записи в файл 'C:/Users/akuch/Desktop/remake/data/1184924981_id': [Errno 2] No such file or directory: 'C:/Users/akuch/Desktop/remake/data/1184924981_id'
[2025-06-16 21:21:52.795725] Ошибка записи в файл 'C:/Users/akuch/Desktop/remake/data/1184924981_id': [Errno 2] No such file or directory: 'C:/Users/akuch/Desktop/remake/data/1184924981_id'
[2025-06-16 21:21:58.042070] Ошибка записи в файл 'C:/Users/akuch/Desktop/remake/data/1184924981_id': [Errno 2] No such file or directory: 'C:/Users/akuch/Desktop/remake/data/1184924981_id'
[2025-06-16 21:22:01.683836] Ошибка записи в файл 'C:/Users/akuch/Desktop/remake/data/1184924981_id': [Errno 2] No such file or directory: 'C:/Users/akuch/Desktop/remake/data/1184924981_id'
[2025-06-16 21:22:03.731206] Ошибка записи в файл 'C:/Users/akuch/Desktop/remake/data/1184924981_id': [Errno 2] No such file or directory: 'C:/Users/akuch/Desktop/remake/data/1184924981_id'
[2025-06-16 21:22:05.911315] Ошибка записи в файл 'C:/Users/akuch/Desktop/remake/data/1184924981_id': [Errno 2] No such file or directory: 'C:/Users/akuch/Desktop/remake/data/1184924981_id'
[2025-06-16 21:22:07.973694] Ошибка записи в файл 'C:/Users/akuch/Desktop/remake/data/1184924981_id': [Errno 2] No such file or directory: 'C:/Users/akuch/Desktop/remake/data/1184924981_id'
[2025-06-16 21:22:15.059798] Ошибка записи в файл 'C:/Users/akuch/Desktop/remake/data/1184924981_id': [Errno 2] No such file or directory: 'C:/Users/akuch/Desktop/remake/data/1184924981_id'
[2025-06-16 21:22:34.778052] Ошибка записи в файл 'C:/Users/akuch/Desktop/remake/data/1184924981_id': [Errno 2] No such file or directory: 'C:/Users/akuch/Desktop/remake/data/1184924981_id'
[2025-06-16 21:22:40.588812] Ошибка записи в файл 'C:/Users/akuch/Desktop/remake/data/1184924981_id': [Errno 2] No such file or directory: 'C:/Users/akuch/Desktop/remake/data/1184924981_id'
[2025-06-16 21:22:49.600971] Ошибка записи в файл 'C:/Users/akuch/Desktop/remake/data/1184924981_id': [Errno 2] No such file or directory: 'C:/Users/akuch/Desktop/remake/data/1184924981_id'
[2025-06-16 21:22:53.724630] Ошибка записи в файл 'C:/Users/akuch/Desktop/remake/data/1184924981_id': [Errno 2] No such file or directory: 'C:/Users/akuch/Desktop/remake/data/1184924981_id'
[2025-06-16 21:22:55.447195] Ошибка записи в файл 'C:/Users/akuch/Desktop/remake/data/1184924981_id': [Errno 2] No such file or directory: 'C:/Users/akuch/Desktop/remake/data/1184924981_id'
[2025-06-16 21:23:00.943236] Ошибка записи в файл 'C:/Users/akuch/Desktop/remake/data/1184924981_id': [Errno 2] No such file or directory: 'C:/Users/akuch/Desktop/remake/data/1184924981_id'
[2025-06-16 21:23:05.101260] Ошибка записи в файл 'C:/Users/akuch/Desktop/remake/data/1184924981_id': [Errno 2] No such file or directory: 'C:/Users/akuch/Desktop/remake/data/1184924981_id'
[2025-06-16 21:23:09.241944] Ошибка записи в файл 'C:/Users/akuch/Desktop/remake/data/1184924981_id': [Errno 2] No such file or directory: 'C:/Users/akuch/Desktop/remake/data/1184924981_id'
[2025-06-16 21:23:14.536905] Ошибка записи в файл 'C:/Users/akuch/Desktop/remake/data/1184924981_id': [Errno 2] No such file or directory: 'C:/Users/akuch/Desktop/remake/data/1184924981_id'
[2025-06-16 21:23:18.461009] Ошибка записи в файл 'C:/Users/akuch/Desktop/remake/data/1184924981_id': [Errno 2] No such file or directory: 'C:/Users/akuch/Desktop/remake/data/1184924981_id'
[2025-06-16 21:23:20.354248] Ошибка записи в файл 'C:/Users/akuch/Desktop/remake/data/1184924981_id': [Errno 2] No such file or directory: 'C:/Users/akuch/Desktop/remake/data/1184924981_id'
[2025-06-16 21:25:35.265490] Неверный индекс number: +79999999999
[2025-06-16 22:33:56.555618] Неверный индекс number: +79999999999
[2025-06-16 22:39:51.295259] Неверный индекс number: +79999999999
[2025-06-16 22:39:54.625186] Ошибка записи в файл 'C:/Users/Фёдор/Desktop/remake/remake/data/1184924981_id': [Errno 2] No such file or directory: 'C:/Users/Фёдор/Desktop/remake/remake/data/1184924981_id'
[2025-06-16 22:40:00.124576] Ошибка записи в файл 'C:/Users/Фёдор/Desktop/remake/remake/data/1184924981_id': [Errno 2] No such file or directory: 'C:/Users/Фёдор/Desktop/remake/remake/data/1184924981_id'
[2025-06-16 22:40:02.463604] Ошибка записи в файл 'C:/Users/Фёдор/Desktop/remake/remake/data/1184924981_id': [Errno 2] No such file or directory: 'C:/Users/Фёдор/Desktop/remake/remake/data/1184924981_id'
[2025-06-16 22:40:03.993781] Ошибка записи в файл 'C:/Users/Фёдор/Desktop/remake/remake/data/1184924981_id': [Errno 2] No such file or directory: 'C:/Users/Фёдор/Desktop/remake/remake/data/1184924981_id'
[2025-06-16 22:40:09.658009] Ошибка записи в файл 'C:/Users/Фёдор/Desktop/remake/remake/data/1184924981_id': [Errno 2] No such file or directory: 'C:/Users/Фёдор/Desktop/remake/remake/data/1184924981_id'
[2025-06-16 22:40:13.450179] Ошибка записи в файл 'C:/Users/Фёдор/Desktop/remake/remake/data/1184924981_id': [Errno 2] No such file or directory: 'C:/Users/Фёдор/Desktop/remake/remake/data/1184924981_id'
[2025-06-16 22:40:15.771410] Ошибка записи в файл 'C:/Users/Фёдор/Desktop/remake/remake/data/1184924981_id': [Errno 2] No such file or directory: 'C:/Users/Фёдор/Desktop/remake/remake/data/1184924981_id'
[2025-06-16 22:40:16.922642] Ошибка записи в файл 'C:/Users/Фёдор/Desktop/remake/remake/data/1184924981_id': [Errno 2] No such file or directory: 'C:/Users/Фёдор/Desktop/remake/remake/data/1184924981_id'
[2025-06-16 22:40:22.054211] Ошибка записи в файл 'C:/Users/Фёдор/Desktop/remake/remake/data/1184924981_id': [Errno 2] No such file or directory: 'C:/Users/Фёдор/Desktop/remake/remake/data/1184924981_id'
[2025-06-16 22:40:23.459050] Ошибка записи в файл 'C:/Users/Фёдор/Desktop/remake/remake/data/1184924981_id': [Errno 2] No such file or directory: 'C:/Users/Фёдор/Desktop/remake/remake/data/1184924981_id'
[2025-06-16 22:40:24.468793] Ошибка записи в файл 'C:/Users/Фёдор/Desktop/remake/remake/data/1184924981_id': [Errno 2] No such file or directory: 'C:/Users/Фёдор/Desktop/remake/remake/data/1184924981_id'
[2025-06-16 22:40:26.336968] Ошибка записи в файл 'C:/Users/Фёдор/Desktop/remake/remake/data/1184924981_id': [Errno 2] No such file or directory: 'C:/Users/Фёдор/Desktop/remake/remake/data/1184924981_id'
[2025-06-16 22:40:29.241476] Ошибка записи в файл 'C:/Users/Фёдор/Desktop/remake/remake/data/1184924981_id': [Errno 2] No such file or directory: 'C:/Users/Фёдор/Desktop/remake/remake/data/1184924981_id'
[2025-06-16 22:40:31.413448] Ошибка записи в файл 'C:/Users/Фёдор/Desktop/remake/remake/data/1184924981_id': [Errno 2] No such file or directory: 'C:/Users/Фёдор/Desktop/remake/remake/data/1184924981_id'
[2025-06-16 22:40:33.444735] Ошибка записи в файл 'C:/Users/Фёдор/Desktop/remake/remake/data/1184924981_id': [Errno 2] No such file or directory: 'C:/Users/Фёдор/Desktop/remake/remake/data/1184924981_id'
[2025-06-16 22:40:40.351707] Ошибка записи в файл 'C:/Users/Фёдор/Desktop/remake/remake/data/1184924981_id': [Errno 2] No such file or directory: 'C:/Users/Фёдор/Desktop/remake/remake/data/1184924981_id'
[2025-06-16 22:40:43.377750] Ошибка записи в файл 'C:/Users/Фёдор/Desktop/remake/remake/data/1184924981_id': [Errno 2] No such file or directory: 'C:/Users/Фёдор/Desktop/remake/remake/data/1184924981_id'
[2025-06-16 22:40:52.616023] Ошибка записи в файл 'C:/Users/Фёдор/Desktop/remake/remake/data/1184924981_id': [Errno 2] No such file or directory: 'C:/Users/Фёдор/Desktop/remake/remake/data/1184924981_id'
[2025-06-16 22:40:54.217889] Ошибка записи в файл 'C:/Users/Фёдор/Desktop/remake/remake/data/1184924981_id': [Errno 2] No such file or directory: 'C:/Users/Фёдор/Desktop/remake/remake/data/1184924981_id'
[2025-06-16 22:41:01.155171] Ошибка записи в файл 'C:/Users/Фёдор/Desktop/remake/remake/data/1184924981_id': [Errno 2] No such file or directory: 'C:/Users/Фёдор/Desktop/remake/remake/data/1184924981_id'
[2025-06-16 22:41:03.082640] Ошибка записи в файл 'C:/Users/Фёдор/Desktop/remake/remake/data/1184924981_id': [Errno 2] No such file or directory: 'C:/Users/Фёдор/Desktop/remake/remake/data/1184924981_id'
[2025-06-16 22:41:09.171612] Ошибка записи в файл 'C:/Users/Фёдор/Desktop/remake/remake/data/1184924981_id': [Errno 2] No such file or directory: 'C:/Users/Фёдор/Desktop/remake/remake/data/1184924981_id'
[2025-06-16 22:41:10.183633] Ошибка записи в файл 'C:/Users/Фёдор/Desktop/remake/remake/data/1184924981_id': [Errno 2] No such file or directory: 'C:/Users/Фёдор/Desktop/remake/remake/data/1184924981_id'
[2025-06-16 22:41:14.916831] Ошибка записи в файл 'C:/Users/Фёдор/Desktop/remake/remake/data/1184924981_id': [Errno 2] No such file or directory: 'C:/Users/Фёдор/Desktop/remake/remake/data/1184924981_id'
[2025-06-16 22:41:17.314011] Ошибка записи в файл 'C:/Users/Фёдор/Desktop/remake/remake/data/1184924981_id': [Errno 2] No such file or directory: 'C:/Users/Фёдор/Desktop/remake/remake/data/1184924981_id'
[2025-06-16 22:41:20.496452] Ошибка записи в файл 'C:/Users/Фёдор/Desktop/remake/remake/data/1184924981_id': [Errno 2] No such file or directory: 'C:/Users/Фёдор/Desktop/remake/remake/data/1184924981_id'
[2025-06-16 22:41:21.477710] Ошибка записи в файл 'C:/Users/Фёдор/Desktop/remake/remake/data/1184924981_id': [Errno 2] No such file or directory: 'C:/Users/Фёдор/Desktop/remake/remake/data/1184924981_id'
[2025-06-16 22:41:28.315325] Ошибка записи в файл 'C:/Users/Фёдор/Desktop/remake/remake/data/1184924981_id': [Errno 2] No such file or directory: 'C:/Users/Фёдор/Desktop/remake/remake/data/1184924981_id'
[2025-06-16 22:41:29.717291] Ошибка записи в файл 'C:/Users/Фёдор/Desktop/remake/remake/data/1184924981_id': [Errno 2] No such file or directory: 'C:/Users/Фёдор/Desktop/remake/remake/data/1184924981_id'
[2025-06-16 22:41:30.773493] Ошибка записи в файл 'C:/Users/Фёдор/Desktop/remake/remake/data/1184924981_id': [Errno 2] No such file or directory: 'C:/Users/Фёдор/Desktop/remake/remake/data/1184924981_id'
[2025-06-16 22:41:33.265050] Ошибка записи в файл 'C:/Users/Фёдор/Desktop/remake/remake/data/1184924981_id': [Errno 2] No such file or directory: 'C:/Users/Фёдор/Desktop/remake/remake/data/1184924981_id'
[2025-06-16 22:41:35.538828] Ошибка записи в файл 'C:/Users/Фёдор/Desktop/remake/remake/data/1184924981_id': [Errno 2] No such file or directory: 'C:/Users/Фёдор/Desktop/remake/remake/data/1184924981_id'
[2025-06-16 22:41:37.739959] Ошибка записи в файл 'C:/Users/Фёдор/Desktop/remake/remake/data/1184924981_id': [Errno 2] No such file or directory: 'C:/Users/Фёдор/Desktop/remake/remake/data/1184924981_id'
[2025-06-16 22:41:39.264134] Ошибка записи в файл 'C:/Users/Фёдор/Desktop/remake/remake/data/1184924981_id': [Errno 2] No such file or directory: 'C:/Users/Фёдор/Desktop/remake/remake/data/1184924981_id'
[2025-06-16 22:41:40.998782] Ошибка записи в файл 'C:/Users/Фёдор/Desktop/remake/remake/data/1184924981_id': [Errno 2] No such file or directory: 'C:/Users/Фёдор/Desktop/remake/remake/data/1184924981_id'
[2025-06-16 22:41:46.337600] Ошибка записи в файл 'C:/Users/Фёдор/Desktop/remake/remake/data/1184924981_id': [Errno 2] No such file or directory: 'C:/Users/Фёдор/Desktop/remake/remake/data/1184924981_id'
[2025-06-16 22:41:47.234968] Ошибка записи в файл 'C:/Users/Фёдор/Desktop/remake/remake/data/1184924981_id': [Errno 2] No such file or directory: 'C:/Users/Фёдор/Desktop/remake/remake/data/1184924981_id'
[2025-06-16 22:41:48.985203] Ошибка записи в файл 'C:/Users/Фёдор/Desktop/remake/remake/data/1184924981_id': [Errno 2] No such file or directory: 'C:/Users/Фёдор/Desktop/remake/remake/data/1184924981_id'
[2025-06-16 22:41:50.729787] Ошибка записи в файл 'C:/Users/Фёдор/Desktop/remake/remake/data/1184924981_id': [Errno 2] No such file or directory: 'C:/Users/Фёдор/Desktop/remake/remake/data/1184924981_id'
[2025-06-16 22:41:54.118658] Ошибка записи в файл 'C:/Users/Фёдор/Desktop/remake/remake/data/1184924981_id': [Errno 2] No such file or directory: 'C:/Users/Фёдор/Desktop/remake/remake/data/1184924981_id'
[2025-06-16 22:41:55.163582] Ошибка записи в файл 'C:/Users/Фёдор/Desktop/remake/remake/data/1184924981_id': [Errno 2] No such file or directory: 'C:/Users/Фёдор/Desktop/remake/remake/data/1184924981_id'
[2025-06-16 22:41:57.449936] Ошибка записи в файл 'C:/Users/Фёдор/Desktop/remake/remake/data/1184924981_id': [Errno 2] No such file or directory: 'C:/Users/Фёдор/Desktop/remake/remake/data/1184924981_id'
[2025-06-16 22:41:58.462083] Ошибка записи в файл 'C:/Users/Фёдор/Desktop/remake/remake/data/1184924981_id': [Errno 2] No such file or directory: 'C:/Users/Фёдор/Desktop/remake/remake/data/1184924981_id'
[2025-06-16 22:42:03.883872] Ошибка записи в файл 'C:/Users/Фёдор/Desktop/remake/remake/data/1184924981_id': [Errno 2] No such file or directory: 'C:/Users/Фёдор/Desktop/remake/remake/data/1184924981_id'
[2025-06-16 22:42:04.991455] Ошибка записи в файл 'C:/Users/Фёдор/Desktop/remake/remake/data/1184924981_id': [Errno 2] No such file or directory: 'C:/Users/Фёдор/Desktop/remake/remake/data/1184924981_id'
[2025-06-16 22:42:05.672566] Ошибка записи в файл 'C:/Users/Фёдор/Desktop/remake/remake/data/1184924981_id': [Errno 2] No such file or directory: 'C:/Users/Фёдор/Desktop/remake/remake/data/1184924981_id'
[2025-06-16 22:42:09.722551] Ошибка записи в файл 'C:/Users/Фёдор/Desktop/remake/remake/data/1184924981_id': [Errno 2] No such file or directory: 'C:/Users/Фёдор/Desktop/remake/remake/data/1184924981_id'
[2025-06-16 22:42:10.751147] Ошибка записи в файл 'C:/Users/Фёдор/Desktop/remake/remake/data/1184924981_id': [Errno 2] No such file or directory: 'C:/Users/Фёдор/Desktop/remake/remake/data/1184924981_id'
[2025-06-16 22:42:11.641264] Ошибка записи в файл 'C:/Users/Фёдор/Desktop/remake/remake/data/1184924981_id': [Errno 2] No such file or directory: 'C:/Users/Фёдор/Desktop/remake/remake/data/1184924981_id'
[2025-06-16 22:42:14.810327] Ошибка записи в файл 'C:/Users/Фёдор/Desktop/remake/remake/data/1184924981_id': [Errno 2] No such file or directory: 'C:/Users/Фёдор/Desktop/remake/remake/data/1184924981_id'
[2025-06-16 22:42:15.768961] Ошибка записи в файл 'C:/Users/Фёдор/Desktop/remake/remake/data/1184924981_id': [Errno 2] No such file or directory: 'C:/Users/Фёдор/Desktop/remake/remake/data/1184924981_id'
[2025-06-16 22:42:16.742393] Ошибка записи в файл 'C:/Users/Фёдор/Desktop/remake/remake/data/1184924981_id': [Errno 2] No such file or directory: 'C:/Users/Фёдор/Desktop/remake/remake/data/1184924981_id'
[2025-06-16 22:42:17.737028] Ошибка записи в файл 'C:/Users/Фёдор/Desktop/remake/remake/data/1184924981_id': [Errno 2] No such file or directory: 'C:/Users/Фёдор/Desktop/remake/remake/data/1184924981_id'
[2025-06-16 22:42:23.151307] Ошибка записи в файл 'C:/Users/Фёдор/Desktop/remake/remake/data/1184924981_id': [Errno 2] No such file or directory: 'C:/Users/Фёдор/Desktop/remake/remake/data/1184924981_id'
[2025-06-16 22:42:24.007710] Ошибка записи в файл 'C:/Users/Фёдор/Desktop/remake/remake/data/1184924981_id': [Errno 2] No such file or directory: 'C:/Users/Фёдор/Desktop/remake/remake/data/1184924981_id'
[2025-06-16 22:42:33.225183] Ошибка записи в файл 'C:/Users/Фёдор/Desktop/remake/remake/data/1184924981_id': [Errno 2] No such file or directory: 'C:/Users/Фёдор/Desktop/remake/remake/data/1184924981_id'
[2025-06-16 22:42:42.343624] Ошибка записи в файл 'C:/Users/Фёдор/Desktop/remake/remake/data/1184924981_id': [Errno 2] No such file or directory: 'C:/Users/Фёдор/Desktop/remake/remake/data/1184924981_id'
[2025-06-16 22:42:48.573607] Ошибка записи в файл 'C:/Users/Фёдор/Desktop/remake/remake/data/1184924981_id': [Errno 2] No such file or directory: 'C:/Users/Фёдор/Desktop/remake/remake/data/1184924981_id'
[2025-06-16 22:42:49.469912] Ошибка записи в файл 'C:/Users/Фёдор/Desktop/remake/remake/data/1184924981_id': [Errno 2] No such file or directory: 'C:/Users/Фёдор/Desktop/remake/remake/data/1184924981_id'
[2025-06-16 22:42:50.618920] Ошибка записи в файл 'C:/Users/Фёдор/Desktop/remake/remake/data/1184924981_id': [Errno 2] No such file or directory: 'C:/Users/Фёдор/Desktop/remake/remake/data/1184924981_id'
[2025-06-16 22:42:56.378010] Ошибка записи в файл 'C:/Users/Фёдор/Desktop/remake/remake/data/1184924981_id': [Errno 2] No such file or directory: 'C:/Users/Фёдор/Desktop/remake/remake/data/1184924981_id'
[2025-06-16 22:43:00.570130] Ошибка записи в файл 'C:/Users/Фёдор/Desktop/remake/remake/data/1184924981_id': [Errno 2] No such file or directory: 'C:/Users/Фёдор/Desktop/remake/remake/data/1184924981_id'
[2025-06-16 22:43:03.046660] Ошибка записи в файл 'C:/Users/Фёдор/Desktop/remake/remake/data/1184924981_id': [Errno 2] No such file or directory: 'C:/Users/Фёдор/Desktop/remake/remake/data/1184924981_id'
[2025-06-16 22:43:04.894221] Ошибка записи в файл 'C:/Users/Фёдор/Desktop/remake/remake/data/1184924981_id': [Errno 2] No such file or directory: 'C:/Users/Фёдор/Desktop/remake/remake/data/1184924981_id'
[2025-06-16 22:43:06.970101] Ошибка записи в файл 'C:/Users/Фёдор/Desktop/remake/remake/data/1184924981_id': [Errno 2] No such file or directory: 'C:/Users/Фёдор/Desktop/remake/remake/data/1184924981_id'
[2025-06-16 22:43:08.735724] Ошибка записи в файл 'C:/Users/Фёдор/Desktop/remake/remake/data/1184924981_id': [Errno 2] No such file or directory: 'C:/Users/Фёдор/Desktop/remake/remake/data/1184924981_id'
[2025-06-16 22:43:10.165736] Ошибка записи в файл 'C:/Users/Фёдор/Desktop/remake/remake/data/1184924981_id': [Errno 2] No such file or directory: 'C:/Users/Фёдор/Desktop/remake/remake/data/1184924981_id'
[2025-06-16 22:43:53.542194] Неверный индекс number: +79999999999
[2025-06-16 23:14:02.381788] Неверный индекс number: +8978
[2025-06-17 17:58:25.103987] Неверный тип: data должно быть строкой.
[2025-06-19 20:02:42.098924] Неверный тип: data должно быть строкой.
[2025-06-20 14:13:55.165813] Ошибка записи в файл 'C:/Users/ПК/Desktop/ИванДом БОТ/remake/data/1751965432_id': [Errno 2] No such file or directory: 'C:/Users/ПК/Desktop/ИванДом БОТ/remake/data/1751965432_id'
[2025-06-20 14:13:57.395894] Ошибка записи в файл 'C:/Users/ПК/Desktop/ИванДом БОТ/remake/data/1751965432_id': [Errno 2] No such file or directory: 'C:/Users/ПК/Desktop/ИванДом БОТ/remake/data/1751965432_id'
[2025-06-20 14:14:25.267603] Ошибка записи в файл 'C:/Users/ПК/Desktop/ИванДом БОТ/remake/data/1751965432_id': [Errno 2] No such file or directory: 'C:/Users/ПК/Desktop/ИванДом БОТ/remake/data/1751965432_id'
[2025-06-20 14:14:28.568694] Ошибка записи в файл 'C:/Users/ПК/Desktop/ИванДом БОТ/remake/data/1751965432_id': [Errno 2] No such file or directory: 'C:/Users/ПК/Desktop/ИванДом БОТ/remake/data/1751965432_id'
[2025-06-20 14:15:26.005986] Ошибка записи в файл 'C:/Users/ПК/Desktop/ИванДом БОТ/remake/data/1751965432_id': [Errno 2] No such file or directory: 'C:/Users/ПК/Desktop/ИванДом БОТ/remake/data/1751965432_id'
[2025-06-25 12:17:07.742878] Ошибка записи в файл 'C:/Users/Фёдор/Desktop/remake (5)/remake/data/1751965432_id': [Errno 2] No such file or directory: 'C:/Users/Фёдор/Desktop/remake (5)/remake/data/1751965432_id'
[2025-06-25 12:17:40.550251] Ошибка записи в файл 'C:/Users/Фёдор/Desktop/remake (5)/remake/data/1751965432_id': [Errno 2] No such file or directory: 'C:/Users/Фёдор/Desktop/remake (5)/remake/data/1751965432_id'
[2025-06-25 12:18:04.258153] Ошибка записи в файл 'C:/Users/Фёдор/Desktop/remake (5)/remake/data/1751965432_id': [Errno 2] No such file or directory: 'C:/Users/Фёдор/Desktop/remake (5)/remake/data/1751965432_id'
[2025-06-25 12:18:26.457277] Ошибка записи в файл 'C:/Users/Фёдор/Desktop/remake (5)/remake/data/1751965432_id': [Errno 2] No such file or directory: 'C:/Users/Фёдор/Desktop/remake (5)/remake/data/1751965432_id'
[2025-06-25 12:36:22.973941] Ошибка записи в файл 'C:/Users/Фёдор/Desktop/remake (5)/remake/data/1202847418_id': [Errno 2] No such file or directory: 'C:/Users/Фёдор/Desktop/remake (5)/remake/data/1202847418_id'
[2025-06-25 12:36:22.974122] Ошибка записи в файл 'C:/Users/Фёдор/Desktop/remake (5)/remake/data/1202847418_id': [Errno 2] No such file or directory: 'C:/Users/Фёдор/Desktop/remake (5)/remake/data/1202847418_id'
[2025-06-25 12:36:23.192867] Ошибка записи в файл 'C:/Users/Фёдор/Desktop/remake (5)/remake/data/1202847418_id': [Errno 2] No such file or directory: 'C:/Users/Фёдор/Desktop/remake (5)/remake/data/1202847418_id'
[2025-06-25 12:36:42.626049] Ошибка записи в файл 'C:/Users/Фёдор/Desktop/remake (5)/remake/data/1202847418_id': [Errno 2] No such file or directory: 'C:/Users/Фёдор/Desktop/remake (5)/remake/data/1202847418_id'
[2025-06-25 12:36:42.631144] Ошибка записи в файл 'C:/Users/Фёдор/Desktop/remake (5)/remake/data/1202847418_id': [Errno 2] No such file or directory: 'C:/Users/Фёдор/Desktop/remake (5)/remake/data/1202847418_id'
[2025-06-25 12:36:42.904226] Ошибка записи в файл 'C:/Users/Фёдор/Desktop/remake (5)/remake/data/1202847418_id': [Errno 2] No such file or directory: 'C:/Users/Фёдор/Desktop/remake (5)/remake/data/1202847418_id'
[2025-06-25 12:37:04.801761] Ошибка записи в файл 'C:/Users/Фёдор/Desktop/remake (5)/remake/data/1202847418_id': [Errno 2] No such file or directory: 'C:/Users/Фёдор/Desktop/remake (5)/remake/data/1202847418_id'
[2025-06-25 12:37:05.194687] Ошибка записи в файл 'C:/Users/Фёдор/Desktop/remake (5)/remake/data/1202847418_id': [Errno 2] No such file or directory: 'C:/Users/Фёдор/Desktop/remake (5)/remake/data/1202847418_id'
[2025-06-25 12:38:32.317972] Ошибка записи в файл 'C:/Users/Фёдор/Desktop/remake (5)/remake/data/1202847418_id': [Errno 2] No such file or directory: 'C:/Users/Фёдор/Desktop/remake (5)/remake/data/1202847418_id'
[2025-06-26 17:45:12.098621] Ошибка записи в файл 'C:/Users/Фёдор/Desktop/remake (6)/remake (5)/remake/data/1751965432_id': [Errno 2] No such file or directory: 'C:/Users/Фёдор/Desktop/remake (6)/remake (5)/remake/data/1751965432_id'
[2025-06-26 17:45:12.943221] Ошибка записи в файл 'C:/Users/Фёдор/Desktop/remake (6)/remake (5)/remake/data/1751965432_id': [Errno 2] No such file or directory: 'C:/Users/Фёдор/Desktop/remake (6)/remake (5)/remake/data/1751965432_id'
[2025-06-26 17:45:16.401870] Ошибка записи в файл 'C:/Users/Фёдор/Desktop/remake (6)/remake (5)/remake/data/1751965432_id': [Errno 2] No such file or directory: 'C:/Users/Фёдор/Desktop/remake (6)/remake (5)/remake/data/1751965432_id'
[2025-06-26 17:45:17.730445] Ошибка записи в файл 'C:/Users/Фёдор/Desktop/remake (6)/remake (5)/remake/data/1751965432_id': [Errno 2] No such file or directory: 'C:/Users/Фёдор/Desktop/remake (6)/remake (5)/remake/data/1751965432_id'
[2025-06-26 17:45:19.442424] Ошибка записи в файл 'C:/Users/Фёдор/Desktop/remake (6)/remake (5)/remake/data/1751965432_id': [Errno 2] No such file or directory: 'C:/Users/Фёдор/Desktop/remake (6)/remake (5)/remake/data/1751965432_id'
[2025-06-26 17:45:21.057083] Ошибка записи в файл 'C:/Users/Фёдор/Desktop/remake (6)/remake (5)/remake/data/1751965432_id': [Errno 2] No such file or directory: 'C:/Users/Фёдор/Desktop/remake (6)/remake (5)/remake/data/1751965432_id'
[2025-06-26 17:45:28.124706] Ошибка записи в файл 'C:/Users/Фёдор/Desktop/remake (6)/remake (5)/remake/data/1751965432_id': [Errno 2] No such file or directory: 'C:/Users/Фёдор/Desktop/remake (6)/remake (5)/remake/data/1751965432_id'
[2025-06-26 17:45:32.646054] Ошибка записи в файл 'C:/Users/Фёдор/Desktop/remake (6)/remake (5)/remake/data/1751965432_id': [Errno 2] No such file or directory: 'C:/Users/Фёдор/Desktop/remake (6)/remake (5)/remake/data/1751965432_id'
[2025-06-26 17:45:35.865050] Ошибка записи в файл 'C:/Users/Фёдор/Desktop/remake (6)/remake (5)/remake/data/1751965432_id': [Errno 2] No such file or directory: 'C:/Users/Фёдор/Desktop/remake (6)/remake (5)/remake/data/1751965432_id'
[2025-06-26 17:45:37.216062] Ошибка записи в файл 'C:/Users/Фёдор/Desktop/remake (6)/remake (5)/remake/data/1751965432_id': [Errno 2] No such file or directory: 'C:/Users/Фёдор/Desktop/remake (6)/remake (5)/remake/data/1751965432_id'
[2025-06-26 17:45:42.208216] Ошибка записи в файл 'C:/Users/Фёдор/Desktop/remake (6)/remake (5)/remake/data/1751965432_id': [Errno 2] No such file or directory: 'C:/Users/Фёдор/Desktop/remake (6)/remake (5)/remake/data/1751965432_id'
[2025-06-26 17:45:46.383233] Ошибка записи в файл 'C:/Users/Фёдор/Desktop/remake (6)/remake (5)/remake/data/1751965432_id': [Errno 2] No such file or directory: 'C:/Users/Фёдор/Desktop/remake (6)/remake (5)/remake/data/1751965432_id'
[2025-06-26 17:45:47.646980] Ошибка записи в файл 'C:/Users/Фёдор/Desktop/remake (6)/remake (5)/remake/data/1751965432_id': [Errno 2] No such file or directory: 'C:/Users/Фёдор/Desktop/remake (6)/remake (5)/remake/data/1751965432_id'
[2025-06-26 17:45:48.860598] Ошибка записи в файл 'C:/Users/Фёдор/Desktop/remake (6)/remake (5)/remake/data/1751965432_id': [Errno 2] No such file or directory: 'C:/Users/Фёдор/Desktop/remake (6)/remake (5)/remake/data/1751965432_id'
[2025-06-26 17:46:26.332214] Ошибка записи в файл 'C:/Users/Фёдор/Desktop/remake (6)/remake (5)/remake/data/1751965432_id': [Errno 2] No such file or directory: 'C:/Users/Фёдор/Desktop/remake (6)/remake (5)/remake/data/1751965432_id'
[2025-06-26 17:48:33.784604] Ошибка записи в файл 'C:/Users/Фёдор/Desktop/remake (6)/remake (5)/remake/data/1751965432_id': [Errno 2] No such file or directory: 'C:/Users/Фёдор/Desktop/remake (6)/remake (5)/remake/data/1751965432_id'
[2025-06-26 17:48:34.538991] Ошибка записи в файл 'C:/Users/Фёдор/Desktop/remake (6)/remake (5)/remake/data/1751965432_id': [Errno 2] No such file or directory: 'C:/Users/Фёдор/Desktop/remake (6)/remake (5)/remake/data/1751965432_id'
[2025-06-26 17:48:43.335840] Ошибка записи в файл 'C:/Users/Фёдор/Desktop/remake (6)/remake (5)/remake/data/1751965432_id': [Errno 2] No such file or directory: 'C:/Users/Фёдор/Desktop/remake (6)/remake (5)/remake/data/1751965432_id'
[2025-06-26 17:49:01.533926] Ошибка записи в файл 'C:/Users/Фёдор/Desktop/remake (6)/remake (5)/remake/data/1751965432_id': [Errno 2] No such file or directory: 'C:/Users/Фёдор/Desktop/remake (6)/remake (5)/remake/data/1751965432_id'
[2025-06-26 17:49:04.593797] Ошибка записи в файл 'C:/Users/Фёдор/Desktop/remake (6)/remake (5)/remake/data/1751965432_id': [Errno 2] No such file or directory: 'C:/Users/Фёдор/Desktop/remake (6)/remake (5)/remake/data/1751965432_id'
[2025-06-26 19:36:58.186567] Ошибка записи в файл 'C:/Users/Фёдор/Desktop/remake (6)/remake (5)/remake/data/1751965432_id': [Errno 2] No such file or directory: 'C:/Users/Фёдор/Desktop/remake (6)/remake (5)/remake/data/1751965432_id'
[2025-06-26 19:37:00.863905] Ошибка записи в файл 'C:/Users/Фёдор/Desktop/remake (6)/remake (5)/remake/data/1751965432_id': [Errno 2] No such file or directory: 'C:/Users/Фёдор/Desktop/remake (6)/remake (5)/remake/data/1751965432_id'
[2025-06-26 19:37:07.596161] Ошибка записи в файл 'C:/Users/Фёдор/Desktop/remake (6)/remake (5)/remake/data/1751965432_id': [Errno 2] No such file or directory: 'C:/Users/Фёдор/Desktop/remake (6)/remake (5)/remake/data/1751965432_id'
[2025-06-26 19:37:20.283276] Ошибка записи в файл 'C:/Users/Фёдор/Desktop/remake (6)/remake (5)/remake/data/1751965432_id': [Errno 2] No such file or directory: 'C:/Users/Фёдор/Desktop/remake (6)/remake (5)/remake/data/1751965432_id'
[2025-06-26 19:37:21.946639] Ошибка записи в файл 'C:/Users/Фёдор/Desktop/remake (6)/remake (5)/remake/data/1751965432_id': [Errno 2] No such file or directory: 'C:/Users/Фёдор/Desktop/remake (6)/remake (5)/remake/data/1751965432_id'
[2025-06-26 19:37:24.927523] Ошибка записи в файл 'C:/Users/Фёдор/Desktop/remake (6)/remake (5)/remake/data/1751965432_id': [Errno 2] No such file or directory: 'C:/Users/Фёдор/Desktop/remake (6)/remake (5)/remake/data/1751965432_id'
[2025-06-26 19:37:27.581855] Ошибка записи в файл 'C:/Users/Фёдор/Desktop/remake (6)/remake (5)/remake/data/1751965432_id': [Errno 2] No such file or directory: 'C:/Users/Фёдор/Desktop/remake (6)/remake (5)/remake/data/1751965432_id'
[2025-06-26 19:37:29.613571] Ошибка записи в файл 'C:/Users/Фёдор/Desktop/remake (6)/remake (5)/remake/data/1751965432_id': [Errno 2] No such file or directory: 'C:/Users/Фёдор/Desktop/remake (6)/remake (5)/remake/data/1751965432_id'
[2025-06-26 19:37:31.635242] Ошибка записи в файл 'C:/Users/Фёдор/Desktop/remake (6)/remake (5)/remake/data/1751965432_id': [Errno 2] No such file or directory: 'C:/Users/Фёдор/Desktop/remake (6)/remake (5)/remake/data/1751965432_id'
[2025-06-26 19:37:33.221757] Ошибка записи в файл 'C:/Users/Фёдор/Desktop/remake (6)/remake (5)/remake/data/1751965432_id': [Errno 2] No such file or directory: 'C:/Users/Фёдор/Desktop/remake (6)/remake (5)/remake/data/1751965432_id'
[2025-06-26 19:37:48.982202] Ошибка записи в файл 'C:/Users/Фёдор/Desktop/remake (6)/remake (5)/remake/data/1751965432_id': [Errno 2] No such file or directory: 'C:/Users/Фёдор/Desktop/remake (6)/remake (5)/remake/data/1751965432_id'
[2025-06-26 19:38:34.886372] Ошибка записи в файл 'C:/Users/Фёдор/Desktop/remake (6)/remake (5)/remake/data/1751965432_id': [Errno 2] No such file or directory: 'C:/Users/Фёдор/Desktop/remake (6)/remake (5)/remake/data/1751965432_id'
[2025-06-26 19:38:42.519563] Ошибка записи в файл 'C:/Users/Фёдор/Desktop/remake (6)/remake (5)/remake/data/1751965432_id': [Errno 2] No such file or directory: 'C:/Users/Фёдор/Desktop/remake (6)/remake (5)/remake/data/1751965432_id'
[2025-06-26 19:38:46.639764] Ошибка записи в файл 'C:/Users/Фёдор/Desktop/remake (6)/remake (5)/remake/data/1751965432_id': [Errno 2] No such file or directory: 'C:/Users/Фёдор/Desktop/remake (6)/remake (5)/remake/data/1751965432_id'
[2025-06-26 19:38:48.611735] Ошибка записи в файл 'C:/Users/Фёдор/Desktop/remake (6)/remake (5)/remake/data/1751965432_id': [Errno 2] No such file or directory: 'C:/Users/Фёдор/Desktop/remake (6)/remake (5)/remake/data/1751965432_id'
[2025-06-26 19:38:49.807614] Ошибка записи в файл 'C:/Users/Фёдор/Desktop/remake (6)/remake (5)/remake/data/1751965432_id': [Errno 2] No such file or directory: 'C:/Users/Фёдор/Desktop/remake (6)/remake (5)/remake/data/1751965432_id'
[2025-06-26 19:38:54.582051] Ошибка записи в файл 'C:/Users/Фёдор/Desktop/remake (6)/remake (5)/remake/data/1751965432_id': [Errno 2] No such file or directory: 'C:/Users/Фёдор/Desktop/remake (6)/remake (5)/remake/data/1751965432_id'
[2025-06-26 19:38:57.812191] Ошибка записи в файл 'C:/Users/Фёдор/Desktop/remake (6)/remake (5)/remake/data/1751965432_id': [Errno 2] No such file or directory: 'C:/Users/Фёдор/Desktop/remake (6)/remake (5)/remake/data/1751965432_id'
[2025-06-26 19:39:00.552018] Ошибка записи в файл 'C:/Users/Фёдор/Desktop/remake (6)/remake (5)/remake/data/1751965432_id': [Errno 2] No such file or directory: 'C:/Users/Фёдор/Desktop/remake (6)/remake (5)/remake/data/1751965432_id'
[2025-06-26 19:39:04.776421] Ошибка записи в файл 'C:/Users/Фёдор/Desktop/remake (6)/remake (5)/remake/data/1751965432_id': [Errno 2] No such file or directory: 'C:/Users/Фёдор/Desktop/remake (6)/remake (5)/remake/data/1751965432_id'
[2025-06-26 19:39:06.948157] Ошибка записи в файл 'C:/Users/Фёдор/Desktop/remake (6)/remake (5)/remake/data/1751965432_id': [Errno 2] No such file or directory: 'C:/Users/Фёдор/Desktop/remake (6)/remake (5)/remake/data/1751965432_id'
[2025-06-26 19:39:12.433244] Ошибка записи в файл 'C:/Users/Фёдор/Desktop/remake (6)/remake (5)/remake/data/1751965432_id': [Errno 2] No such file or directory: 'C:/Users/Фёдор/Desktop/remake (6)/remake (5)/remake/data/1751965432_id'
[2025-06-26 19:39:28.141731] Ошибка записи в файл 'C:/Users/Фёдор/Desktop/remake (6)/remake (5)/remake/data/1751965432_id': [Errno 2] No such file or directory: 'C:/Users/Фёдор/Desktop/remake (6)/remake (5)/remake/data/1751965432_id'
[2025-06-26 19:39:30.641772] Ошибка записи в файл 'C:/Users/Фёдор/Desktop/remake (6)/remake (5)/remake/data/1751965432_id': [Errno 2] No such file or directory: 'C:/Users/Фёдор/Desktop/remake (6)/remake (5)/remake/data/1751965432_id'
[2025-06-26 19:39:31.557589] Ошибка записи в файл 'C:/Users/Фёдор/Desktop/remake (6)/remake (5)/remake/data/1751965432_id': [Errno 2] No such file or directory: 'C:/Users/Фёдор/Desktop/remake (6)/remake (5)/remake/data/1751965432_id'
[2025-06-26 19:39:36.563215] Ошибка записи в файл 'C:/Users/Фёдор/Desktop/remake (6)/remake (5)/remake/data/1751965432_id': [Errno 2] No such file or directory: 'C:/Users/Фёдор/Desktop/remake (6)/remake (5)/remake/data/1751965432_id'
[2025-06-26 19:39:42.746322] Ошибка записи в файл 'C:/Users/Фёдор/Desktop/remake (6)/remake (5)/remake/data/1751965432_id': [Errno 2] No such file or directory: 'C:/Users/Фёдор/Desktop/remake (6)/remake (5)/remake/data/1751965432_id'
[2025-06-26 19:39:44.338146] Ошибка записи в файл 'C:/Users/Фёдор/Desktop/remake (6)/remake (5)/remake/data/1751965432_id': [Errno 2] No such file or directory: 'C:/Users/Фёдор/Desktop/remake (6)/remake (5)/remake/data/1751965432_id'
[2025-06-26 19:39:47.214070] Ошибка записи в файл 'C:/Users/Фёдор/Desktop/remake (6)/remake (5)/remake/data/1751965432_id': [Errno 2] No such file or directory: 'C:/Users/Фёдор/Desktop/remake (6)/remake (5)/remake/data/1751965432_id'
[2025-06-26 19:51:36.537941] Ошибка записи в файл 'C:/Users/Фёдор/Desktop/remake (6)/remake (5)/remake/data/1751965432_id': [Errno 2] No such file or directory: 'C:/Users/Фёдор/Desktop/remake (6)/remake (5)/remake/data/1751965432_id'
[2025-06-26 19:51:38.505167] Ошибка записи в файл 'C:/Users/Фёдор/Desktop/remake (6)/remake (5)/remake/data/1751965432_id': [Errno 2] No such file or directory: 'C:/Users/Фёдор/Desktop/remake (6)/remake (5)/remake/data/1751965432_id'
[2025-06-26 19:54:48.178443] Ошибка записи в файл 'C:/Users/Фёдор/Desktop/remake (6)/remake (5)/remake/data/1751965432_id': [Errno 2] No such file or directory: 'C:/Users/Фёдор/Desktop/remake (6)/remake (5)/remake/data/1751965432_id'
[2025-06-26 19:56:05.340399] Ошибка записи в файл 'C:/Users/Фёдор/Desktop/remake (6)/remake (5)/remake/data/1751965432_id': [Errno 2] No such file or directory: 'C:/Users/Фёдор/Desktop/remake (6)/remake (5)/remake/data/1751965432_id'
[2025-06-26 19:56:07.824219] Ошибка записи в файл 'C:/Users/Фёдор/Desktop/remake (6)/remake (5)/remake/data/1751965432_id': [Errno 2] No such file or directory: 'C:/Users/Фёдор/Desktop/remake (6)/remake (5)/remake/data/1751965432_id'
[2025-06-26 19:56:12.148855] Ошибка записи в файл 'C:/Users/Фёдор/Desktop/remake (6)/remake (5)/remake/data/1751965432_id': [Errno 2] No such file or directory: 'C:/Users/Фёдор/Desktop/remake (6)/remake (5)/remake/data/1751965432_id'
[2025-06-26 19:56:35.092123] Ошибка записи в файл 'C:/Users/Фёдор/Desktop/remake (6)/remake (5)/remake/data/1751965432_id': [Errno 2] No such file or directory: 'C:/Users/Фёдор/Desktop/remake (6)/remake (5)/remake/data/1751965432_id'
[2025-06-26 19:58:00.927116] Ошибка записи в файл 'C:/Users/Фёдор/Desktop/remake (6)/remake (5)/remake/data/1751965432_id': [Errno 2] No such file or directory: 'C:/Users/Фёдор/Desktop/remake (6)/remake (5)/remake/data/1751965432_id'
[2025-06-26 19:58:37.598024] Ошибка записи в файл 'C:/Users/Фёдор/Desktop/remake (6)/remake (5)/remake/data/1751965432_id': [Errno 2] No such file or directory: 'C:/Users/Фёдор/Desktop/remake (6)/remake (5)/remake/data/1751965432_id'
[2025-06-26 20:01:27.337273] Ошибка записи в файл 'C:/Users/Фёдор/Desktop/remake (6)/remake (5)/remake/data/1751965432_id': [Errno 2] No such file or directory: 'C:/Users/Фёдор/Desktop/remake (6)/remake (5)/remake/data/1751965432_id'
[2025-06-26 20:09:52.062749] Ошибка записи в файл 'C:/Users/Фёдор/Desktop/remake (6)/remake (5)/remake/data/1751965432_id': [Errno 2] No such file or directory: 'C:/Users/Фёдор/Desktop/remake (6)/remake (5)/remake/data/1751965432_id'
[2025-06-26 20:09:58.742041] Ошибка записи в файл 'C:/Users/Фёдор/Desktop/remake (6)/remake (5)/remake/data/1751965432_id': [Errno 2] No such file or directory: 'C:/Users/Фёдор/Desktop/remake (6)/remake (5)/remake/data/1751965432_id'
[2025-06-26 20:10:05.689114] Ошибка записи в файл 'C:/Users/Фёдор/Desktop/remake (6)/remake (5)/remake/data/1751965432_id': [Errno 2] No such file or directory: 'C:/Users/Фёдор/Desktop/remake (6)/remake (5)/remake/data/1751965432_id'
[2025-06-26 20:10:09.797990] Ошибка записи в файл 'C:/Users/Фёдор/Desktop/remake (6)/remake (5)/remake/data/1751965432_id': [Errno 2] No such file or directory: 'C:/Users/Фёдор/Desktop/remake (6)/remake (5)/remake/data/1751965432_id'
[2025-06-26 20:10:14.783422] Ошибка записи в файл 'C:/Users/Фёдор/Desktop/remake (6)/remake (5)/remake/data/1751965432_id': [Errno 2] No such file or directory: 'C:/Users/Фёдор/Desktop/remake (6)/remake (5)/remake/data/1751965432_id'
[2025-06-26 20:10:23.157427] Ошибка записи в файл 'C:/Users/Фёдор/Desktop/remake (6)/remake (5)/remake/data/1751965432_id': [Errno 2] No such file or directory: 'C:/Users/Фёдор/Desktop/remake (6)/remake (5)/remake/data/1751965432_id'
[2025-06-26 20:10:36.596921] Ошибка записи в файл 'C:/Users/Фёдор/Desktop/remake (6)/remake (5)/remake/data/1751965432_id': [Errno 2] No such file or directory: 'C:/Users/Фёдор/Desktop/remake (6)/remake (5)/remake/data/1751965432_id'
[2025-06-26 20:10:45.241839] Ошибка записи в файл 'C:/Users/Фёдор/Desktop/remake (6)/remake (5)/remake/data/1751965432_id': [Errno 2] No such file or directory: 'C:/Users/Фёдор/Desktop/remake (6)/remake (5)/remake/data/1751965432_id'
[2025-06-26 20:12:00.810307] Ошибка записи в файл 'C:/Users/Фёдор/Desktop/remake (6)/remake (5)/remake/data/1751965432_id': [Errno 2] No such file or directory: 'C:/Users/Фёдор/Desktop/remake (6)/remake (5)/remake/data/1751965432_id'
[2025-06-26 20:12:02.771864] Ошибка записи в файл 'C:/Users/Фёдор/Desktop/remake (6)/remake (5)/remake/data/1751965432_id': [Errno 2] No such file or directory: 'C:/Users/Фёдор/Desktop/remake (6)/remake (5)/remake/data/1751965432_id'
[2025-06-26 20:12:05.704459] Ошибка записи в файл 'C:/Users/Фёдор/Desktop/remake (6)/remake (5)/remake/data/1751965432_id': [Errno 2] No such file or directory: 'C:/Users/Фёдор/Desktop/remake (6)/remake (5)/remake/data/1751965432_id'
[2025-06-26 20:12:10.093121] Ошибка записи в файл 'C:/Users/Фёдор/Desktop/remake (6)/remake (5)/remake/data/1751965432_id': [Errno 2] No such file or directory: 'C:/Users/Фёдор/Desktop/remake (6)/remake (5)/remake/data/1751965432_id'
[2025-06-26 20:12:11.892763] Ошибка записи в файл 'C:/Users/Фёдор/Desktop/remake (6)/remake (5)/remake/data/1751965432_id': [Errno 2] No such file or directory: 'C:/Users/Фёдор/Desktop/remake (6)/remake (5)/remake/data/1751965432_id'
[2025-06-26 20:12:13.786622] Ошибка записи в файл 'C:/Users/Фёдор/Desktop/remake (6)/remake (5)/remake/data/1751965432_id': [Errno 2] No such file or directory: 'C:/Users/Фёдор/Desktop/remake (6)/remake (5)/remake/data/1751965432_id'
[2025-06-26 20:12:15.517532] Ошибка записи в файл 'C:/Users/Фёдор/Desktop/remake (6)/remake (5)/remake/data/1751965432_id': [Errno 2] No such file or directory: 'C:/Users/Фёдор/Desktop/remake (6)/remake (5)/remake/data/1751965432_id'
[2025-06-26 20:12:17.375353] Ошибка записи в файл 'C:/Users/Фёдор/Desktop/remake (6)/remake (5)/remake/data/1751965432_id': [Errno 2] No such file or directory: 'C:/Users/Фёдор/Desktop/remake (6)/remake (5)/remake/data/1751965432_id'
[2025-06-26 20:12:24.978857] Ошибка записи в файл 'C:/Users/Фёдор/Desktop/remake (6)/remake (5)/remake/data/1751965432_id': [Errno 2] No such file or directory: 'C:/Users/Фёдор/Desktop/remake (6)/remake (5)/remake/data/1751965432_id'
[2025-06-26 20:12:28.069001] Ошибка записи в файл 'C:/Users/Фёдор/Desktop/remake (6)/remake (5)/remake/data/1751965432_id': [Errno 2] No such file or directory: 'C:/Users/Фёдор/Desktop/remake (6)/remake (5)/remake/data/1751965432_id'
[2025-06-26 20:12:31.019227] Ошибка записи в файл 'C:/Users/Фёдор/Desktop/remake (6)/remake (5)/remake/data/1751965432_id': [Errno 2] No such file or directory: 'C:/Users/Фёдор/Desktop/remake (6)/remake (5)/remake/data/1751965432_id'
[2025-06-26 20:12:33.209697] Ошибка записи в файл 'C:/Users/Фёдор/Desktop/remake (6)/remake (5)/remake/data/1751965432_id': [Errno 2] No such file or directory: 'C:/Users/Фёдор/Desktop/remake (6)/remake (5)/remake/data/1751965432_id'
[2025-06-26 20:12:40.943083] Ошибка записи в файл 'C:/Users/Фёдор/Desktop/remake (6)/remake (5)/remake/data/1751965432_id': [Errno 2] No such file or directory: 'C:/Users/Фёдор/Desktop/remake (6)/remake (5)/remake/data/1751965432_id'
[2025-06-26 20:12:45.815726] Ошибка записи в файл 'C:/Users/Фёдор/Desktop/remake (6)/remake (5)/remake/data/1751965432_id': [Errno 2] No such file or directory: 'C:/Users/Фёдор/Desktop/remake (6)/remake (5)/remake/data/1751965432_id'
[2025-06-26 20:12:52.046994] Ошибка записи в файл 'C:/Users/Фёдор/Desktop/remake (6)/remake (5)/remake/data/1751965432_id': [Errno 2] No such file or directory: 'C:/Users/Фёдор/Desktop/remake (6)/remake (5)/remake/data/1751965432_id'
[2025-06-26 20:12:54.035625] Ошибка записи в файл 'C:/Users/Фёдор/Desktop/remake (6)/remake (5)/remake/data/1751965432_id': [Errno 2] No such file or directory: 'C:/Users/Фёдор/Desktop/remake (6)/remake (5)/remake/data/1751965432_id'
[2025-06-26 20:12:59.723499] Ошибка записи в файл 'C:/Users/Фёдор/Desktop/remake (6)/remake (5)/remake/data/1751965432_id': [Errno 2] No such file or directory: 'C:/Users/Фёдор/Desktop/remake (6)/remake (5)/remake/data/1751965432_id'
[2025-06-26 20:13:03.882337] Ошибка записи в файл 'C:/Users/Фёдор/Desktop/remake (6)/remake (5)/remake/data/1751965432_id': [Errno 2] No such file or directory: 'C:/Users/Фёдор/Desktop/remake (6)/remake (5)/remake/data/1751965432_id'
[2025-06-26 20:13:07.222649] Ошибка записи в файл 'C:/Users/Фёдор/Desktop/remake (6)/remake (5)/remake/data/1751965432_id': [Errno 2] No such file or directory: 'C:/Users/Фёдор/Desktop/remake (6)/remake (5)/remake/data/1751965432_id'
[2025-06-26 20:13:09.701691] Ошибка записи в файл 'C:/Users/Фёдор/Desktop/remake (6)/remake (5)/remake/data/1751965432_id': [Errno 2] No such file or directory: 'C:/Users/Фёдор/Desktop/remake (6)/remake (5)/remake/data/1751965432_id'
[2025-06-26 20:13:12.223278] Ошибка записи в файл 'C:/Users/Фёдор/Desktop/remake (6)/remake (5)/remake/data/1751965432_id': [Errno 2] No such file or directory: 'C:/Users/Фёдор/Desktop/remake (6)/remake (5)/remake/data/1751965432_id'
[2025-06-26 20:13:13.964444] Ошибка записи в файл 'C:/Users/Фёдор/Desktop/remake (6)/remake (5)/remake/data/1751965432_id': [Errno 2] No such file or directory: 'C:/Users/Фёдор/Desktop/remake (6)/remake (5)/remake/data/1751965432_id'
[2025-06-26 20:13:16.142270] Ошибка записи в файл 'C:/Users/Фёдор/Desktop/remake (6)/remake (5)/remake/data/1751965432_id': [Errno 2] No such file or directory: 'C:/Users/Фёдор/Desktop/remake (6)/remake (5)/remake/data/1751965432_id'
[2025-06-26 20:13:17.690736] Ошибка записи в файл 'C:/Users/Фёдор/Desktop/remake (6)/remake (5)/remake/data/1751965432_id': [Errno 2] No such file or directory: 'C:/Users/Фёдор/Desktop/remake (6)/remake (5)/remake/data/1751965432_id'
[2025-06-26 20:13:19.411004] Ошибка записи в файл 'C:/Users/Фёдор/Desktop/remake (6)/remake (5)/remake/data/1751965432_id': [Errno 2] No such file or directory: 'C:/Users/Фёдор/Desktop/remake (6)/remake (5)/remake/data/1751965432_id'
[2025-06-26 20:13:21.150588] Ошибка записи в файл 'C:/Users/Фёдор/Desktop/remake (6)/remake (5)/remake/data/1751965432_id': [Errno 2] No such file or directory: 'C:/Users/Фёдор/Desktop/remake (6)/remake (5)/remake/data/1751965432_id'
[2025-06-26 20:13:24.786406] Ошибка записи в файл 'C:/Users/Фёдор/Desktop/remake (6)/remake (5)/remake/data/1751965432_id': [Errno 2] No such file or directory: 'C:/Users/Фёдор/Desktop/remake (6)/remake (5)/remake/data/1751965432_id'
[2025-06-26 20:13:29.524367] Ошибка записи в файл 'C:/Users/Фёдор/Desktop/remake (6)/remake (5)/remake/data/1751965432_id': [Errno 2] No such file or directory: 'C:/Users/Фёдор/Desktop/remake (6)/remake (5)/remake/data/1751965432_id'
[2025-06-26 20:18:08.401891] Ошибка записи в файл 'C:/Users/Фёдор/Desktop/remake (6)/remake (5)/remake/data/1751965432_id': [Errno 2] No such file or directory: 'C:/Users/Фёдор/Desktop/remake (6)/remake (5)/remake/data/1751965432_id'
[2025-06-26 20:18:10.347142] Ошибка записи в файл 'C:/Users/Фёдор/Desktop/remake (6)/remake (5)/remake/data/1751965432_id': [Errno 2] No such file or directory: 'C:/Users/Фёдор/Desktop/remake (6)/remake (5)/remake/data/1751965432_id'
[2025-06-26 20:18:12.454908] Ошибка записи в файл 'C:/Users/Фёдор/Desktop/remake (6)/remake (5)/remake/data/1751965432_id': [Errno 2] No such file or directory: 'C:/Users/Фёдор/Desktop/remake (6)/remake (5)/remake/data/1751965432_id'
[2025-06-26 20:18:16.864666] Ошибка записи в файл 'C:/Users/Фёдор/Desktop/remake (6)/remake (5)/remake/data/1751965432_id': [Errno 2] No such file or directory: 'C:/Users/Фёдор/Desktop/remake (6)/remake (5)/remake/data/1751965432_id'
[2025-06-26 20:18:18.802632] Ошибка записи в файл 'C:/Users/Фёдор/Desktop/remake (6)/remake (5)/remake/data/1751965432_id': [Errno 2] No such file or directory: 'C:/Users/Фёдор/Desktop/remake (6)/remake (5)/remake/data/1751965432_id'
[2025-06-26 20:18:20.478834] Ошибка записи в файл 'C:/Users/Фёдор/Desktop/remake (6)/remake (5)/remake/data/1751965432_id': [Errno 2] No such file or directory: 'C:/Users/Фёдор/Desktop/remake (6)/remake (5)/remake/data/1751965432_id'
[2025-06-26 20:18:22.765427] Ошибка записи в файл 'C:/Users/Фёдор/Desktop/remake (6)/remake (5)/remake/data/1751965432_id': [Errno 2] No such file or directory: 'C:/Users/Фёдор/Desktop/remake (6)/remake (5)/remake/data/1751965432_id'
[2025-06-26 20:18:31.417180] Ошибка записи в файл 'C:/Users/Фёдор/Desktop/remake (6)/remake (5)/remake/data/1751965432_id': [Errno 2] No such file or directory: 'C:/Users/Фёдор/Desktop/remake (6)/remake (5)/remake/data/1751965432_id'
[2025-06-26 20:18:38.660826] Ошибка записи в файл 'C:/Users/Фёдор/Desktop/remake (6)/remake (5)/remake/data/1751965432_id': [Errno 2] No such file or directory: 'C:/Users/Фёдор/Desktop/remake (6)/remake (5)/remake/data/1751965432_id'
[2025-06-26 20:18:42.912016] Ошибка записи в файл 'C:/Users/Фёдор/Desktop/remake (6)/remake (5)/remake/data/1751965432_id': [Errno 2] No such file or directory: 'C:/Users/Фёдор/Desktop/remake (6)/remake (5)/remake/data/1751965432_id'
[2025-06-26 20:18:44.709241] Ошибка записи в файл 'C:/Users/Фёдор/Desktop/remake (6)/remake (5)/remake/data/1751965432_id': [Errno 2] No such file or directory: 'C:/Users/Фёдор/Desktop/remake (6)/remake (5)/remake/data/1751965432_id'
[2025-06-26 20:18:46.621888] Ошибка записи в файл 'C:/Users/Фёдор/Desktop/remake (6)/remake (5)/remake/data/1751965432_id': [Errno 2] No such file or directory: 'C:/Users/Фёдор/Desktop/remake (6)/remake (5)/remake/data/1751965432_id'
[2025-06-26 20:18:47.360974] Ошибка записи в файл 'C:/Users/Фёдор/Desktop/remake (6)/remake (5)/remake/data/1751965432_id': [Errno 2] No such file or directory: 'C:/Users/Фёдор/Desktop/remake (6)/remake (5)/remake/data/1751965432_id'
[2025-06-26 20:18:48.064002] Ошибка записи в файл 'C:/Users/Фёдор/Desktop/remake (6)/remake (5)/remake/data/1751965432_id': [Errno 2] No such file or directory: 'C:/Users/Фёдор/Desktop/remake (6)/remake (5)/remake/data/1751965432_id'
[2025-06-26 20:18:48.923201] Ошибка записи в файл 'C:/Users/Фёдор/Desktop/remake (6)/remake (5)/remake/data/1751965432_id': [Errno 2] No such file or directory: 'C:/Users/Фёдор/Desktop/remake (6)/remake (5)/remake/data/1751965432_id'
[2025-06-26 20:20:19.241728] Ошибка записи в файл 'C:/Users/Фёдор/Desktop/remake (6)/remake (5)/remake/data/1751965432_id': [Errno 2] No such file or directory: 'C:/Users/Фёдор/Desktop/remake (6)/remake (5)/remake/data/1751965432_id'
[2025-06-26 20:20:21.923023] Ошибка записи в файл 'C:/Users/Фёдор/Desktop/remake (6)/remake (5)/remake/data/1751965432_id': [Errno 2] No such file or directory: 'C:/Users/Фёдор/Desktop/remake (6)/remake (5)/remake/data/1751965432_id'
[2025-06-26 20:21:25.902748] Ошибка записи в файл 'C:/Users/Фёдор/Desktop/remake (6)/remake (5)/remake/data/1751965432_id': [Errno 2] No such file or directory: 'C:/Users/Фёдор/Desktop/remake (6)/remake (5)/remake/data/1751965432_id'
[2025-06-26 20:21:28.321671] Ошибка записи в файл 'C:/Users/Фёдор/Desktop/remake (6)/remake (5)/remake/data/1751965432_id': [Errno 2] No such file or directory: 'C:/Users/Фёдор/Desktop/remake (6)/remake (5)/remake/data/1751965432_id'
[2025-06-26 20:22:24.436429] Ошибка записи в файл 'C:/Users/Фёдор/Desktop/remake (6)/remake (5)/remake/data/1751965432_id': [Errno 2] No such file or directory: 'C:/Users/Фёдор/Desktop/remake (6)/remake (5)/remake/data/1751965432_id'
[2025-06-26 20:22:25.778807] Ошибка записи в файл 'C:/Users/Фёдор/Desktop/remake (6)/remake (5)/remake/data/1751965432_id': [Errno 2] No such file or directory: 'C:/Users/Фёдор/Desktop/remake (6)/remake (5)/remake/data/1751965432_id'
[2025-06-26 20:22:55.914378] Ошибка записи в файл 'C:/Users/Фёдор/Desktop/remake (6)/remake (5)/remake/data/1751965432_id': [Errno 2] No such file or directory: 'C:/Users/Фёдор/Desktop/remake (6)/remake (5)/remake/data/1751965432_id'
[2025-06-26 20:22:58.638405] Ошибка записи в файл 'C:/Users/Фёдор/Desktop/remake (6)/remake (5)/remake/data/1751965432_id': [Errno 2] No such file or directory: 'C:/Users/Фёдор/Desktop/remake (6)/remake (5)/remake/data/1751965432_id'
[2025-06-26 20:23:04.260575] Ошибка записи в файл 'C:/Users/Фёдор/Desktop/remake (6)/remake (5)/remake/data/1751965432_id': [Errno 2] No such file or directory: 'C:/Users/Фёдор/Desktop/remake (6)/remake (5)/remake/data/1751965432_id'
[2025-06-26 20:23:17.766601] Ошибка записи в файл 'C:/Users/Фёдор/Desktop/remake (6)/remake (5)/remake/data/1751965432_id': [Errno 2] No such file or directory: 'C:/Users/Фёдор/Desktop/remake (6)/remake (5)/remake/data/1751965432_id'
[2025-06-26 20:24:09.695132] Ошибка записи в файл 'C:/Users/Фёдор/Desktop/remake (6)/remake (5)/remake/data/1751965432_id': [Errno 2] No such file or directory: 'C:/Users/Фёдор/Desktop/remake (6)/remake (5)/remake/data/1751965432_id'
[2025-06-26 20:24:13.846615] Ошибка записи в файл 'C:/Users/Фёдор/Desktop/remake (6)/remake (5)/remake/data/1751965432_id': [Errno 2] No such file or directory: 'C:/Users/Фёдор/Desktop/remake (6)/remake (5)/remake/data/1751965432_id'
[2025-06-26 20:26:07.909511] Ошибка записи в файл 'C:/Users/Фёдор/Desktop/remake (6)/remake (5)/remake/data/1751965432_id': [Errno 2] No such file or directory: 'C:/Users/Фёдор/Desktop/remake (6)/remake (5)/remake/data/1751965432_id'
[2025-06-26 20:27:06.296076] Ошибка записи в файл 'C:/Users/Фёдор/Desktop/remake (6)/remake (5)/remake/data/1751965432_id': [Errno 2] No such file or directory: 'C:/Users/Фёдор/Desktop/remake (6)/remake (5)/remake/data/1751965432_id'
[2025-06-26 20:27:09.071525] Ошибка записи в файл 'C:/Users/Фёдор/Desktop/remake (6)/remake (5)/remake/data/1751965432_id': [Errno 2] No such file or directory: 'C:/Users/Фёдор/Desktop/remake (6)/remake (5)/remake/data/1751965432_id'
[2025-06-26 20:27:11.685030] Ошибка записи в файл 'C:/Users/Фёдор/Desktop/remake (6)/remake (5)/remake/data/1751965432_id': [Errno 2] No such file or directory: 'C:/Users/Фёдор/Desktop/remake (6)/remake (5)/remake/data/1751965432_id'
[2025-06-26 20:27:13.286393] Ошибка записи в файл 'C:/Users/Фёдор/Desktop/remake (6)/remake (5)/remake/data/1751965432_id': [Errno 2] No such file or directory: 'C:/Users/Фёдор/Desktop/remake (6)/remake (5)/remake/data/1751965432_id'
[2025-06-26 20:27:43.346682] Ошибка записи в файл 'C:/Users/Фёдор/Desktop/remake (6)/remake (5)/remake/data/1751965432_id': [Errno 2] No such file or directory: 'C:/Users/Фёдор/Desktop/remake (6)/remake (5)/remake/data/1751965432_id'
[2025-06-26 20:28:09.692061] Ошибка записи в файл 'C:/Users/Фёдор/Desktop/remake (6)/remake (5)/remake/data/1751965432_id': [Errno 2] No such file or directory: 'C:/Users/Фёдор/Desktop/remake (6)/remake (5)/remake/data/1751965432_id'
[2025-06-26 20:28:54.929030] Ошибка записи в файл 'C:/Users/Фёдор/Desktop/remake (6)/remake (5)/remake/data/1751965432_id': [Errno 2] No such file or directory: 'C:/Users/Фёдор/Desktop/remake (6)/remake (5)/remake/data/1751965432_id'
[2025-06-26 20:29:04.437409] Ошибка записи в файл 'C:/Users/Фёдор/Desktop/remake (6)/remake (5)/remake/data/1751965432_id': [Errno 2] No such file or directory: 'C:/Users/Фёдор/Desktop/remake (6)/remake (5)/remake/data/1751965432_id'
[2025-06-26 20:29:11.140448] Ошибка записи в файл 'C:/Users/Фёдор/Desktop/remake (6)/remake (5)/remake/data/1751965432_id': [Errno 2] No such file or directory: 'C:/Users/Фёдор/Desktop/remake (6)/remake (5)/remake/data/1751965432_id'
[2025-06-26 20:29:13.946898] Ошибка записи в файл 'C:/Users/Фёдор/Desktop/remake (6)/remake (5)/remake/data/1751965432_id': [Errno 2] No such file or directory: 'C:/Users/Фёдор/Desktop/remake (6)/remake (5)/remake/data/1751965432_id'
[2025-06-26 20:29:17.987972] Ошибка записи в файл 'C:/Users/Фёдор/Desktop/remake (6)/remake (5)/remake/data/1751965432_id': [Errno 2] No such file or directory: 'C:/Users/Фёдор/Desktop/remake (6)/remake (5)/remake/data/1751965432_id'
[2025-06-26 20:29:21.108561] Ошибка записи в файл 'C:/Users/Фёдор/Desktop/remake (6)/remake (5)/remake/data/1751965432_id': [Errno 2] No such file or directory: 'C:/Users/Фёдор/Desktop/remake (6)/remake (5)/remake/data/1751965432_id'
[2025-06-26 20:29:23.044239] Ошибка записи в файл 'C:/Users/Фёдор/Desktop/remake (6)/remake (5)/remake/data/1751965432_id': [Errno 2] No such file or directory: 'C:/Users/Фёдор/Desktop/remake (6)/remake (5)/remake/data/1751965432_id'
[2025-06-26 20:29:24.733541] Ошибка записи в файл 'C:/Users/Фёдор/Desktop/remake (6)/remake (5)/remake/data/1751965432_id': [Errno 2] No such file or directory: 'C:/Users/Фёдор/Desktop/remake (6)/remake (5)/remake/data/1751965432_id'
[2025-06-26 20:29:29.007608] Ошибка записи в файл 'C:/Users/Фёдор/Desktop/remake (6)/remake (5)/remake/data/1751965432_id': [Errno 2] No such file or directory: 'C:/Users/Фёдор/Desktop/remake (6)/remake (5)/remake/data/1751965432_id'
[2025-06-26 20:29:34.521297] Ошибка записи в файл 'C:/Users/Фёдор/Desktop/remake (6)/remake (5)/remake/data/1751965432_id': [Errno 2] No such file or directory: 'C:/Users/Фёдор/Desktop/remake (6)/remake (5)/remake/data/1751965432_id'
[2025-06-26 20:29:37.262998] Ошибка записи в файл 'C:/Users/Фёдор/Desktop/remake (6)/remake (5)/remake/data/1751965432_id': [Errno 2] No such file or directory: 'C:/Users/Фёдор/Desktop/remake (6)/remake (5)/remake/data/1751965432_id'
[2025-06-26 20:29:39.667092] Ошибка записи в файл 'C:/Users/Фёдор/Desktop/remake (6)/remake (5)/remake/data/1751965432_id': [Errno 2] No such file or directory: 'C:/Users/Фёдор/Desktop/remake (6)/remake (5)/remake/data/1751965432_id'
[2025-06-27 13:29:30.948274] Ошибка записи в файл 'C:/Users/Фёдор/Desktop/remake (6)/remake (5)/remake/data/1751965432_id': [Errno 2] No such file or directory: 'C:/Users/Фёдор/Desktop/remake (6)/remake (5)/remake/data/1751965432_id'
[2025-06-27 13:29:38.954476] Ошибка записи в файл 'C:/Users/Фёдор/Desktop/remake (6)/remake (5)/remake/data/1751965432_id': [Errno 2] No such file or directory: 'C:/Users/Фёдор/Desktop/remake (6)/remake (5)/remake/data/1751965432_id'
[2025-06-27 13:29:42.729852] Ошибка записи в файл 'C:/Users/Фёдор/Desktop/remake (6)/remake (5)/remake/data/1751965432_id': [Errno 2] No such file or directory: 'C:/Users/Фёдор/Desktop/remake (6)/remake (5)/remake/data/1751965432_id'
[2025-06-27 13:29:44.797715] Ошибка записи в файл 'C:/Users/Фёдор/Desktop/remake (6)/remake (5)/remake/data/1751965432_id': [Errno 2] No such file or directory: 'C:/Users/Фёдор/Desktop/remake (6)/remake (5)/remake/data/1751965432_id'
[2025-06-27 13:30:35.758367] Ошибка записи в файл 'C:/Users/Фёдор/Desktop/remake (6)/remake (5)/remake/data/1751965432_id': [Errno 2] No such file or directory: 'C:/Users/Фёдор/Desktop/remake (6)/remake (5)/remake/data/1751965432_id'
[2025-06-27 13:30:39.023829] Ошибка записи в файл 'C:/Users/Фёдор/Desktop/remake (6)/remake (5)/remake/data/1751965432_id': [Errno 2] No such file or directory: 'C:/Users/Фёдор/Desktop/remake (6)/remake (5)/remake/data/1751965432_id'
[2025-06-27 13:30:43.422997] Ошибка записи в файл 'C:/Users/Фёдор/Desktop/remake (6)/remake (5)/remake/data/1751965432_id': [Errno 2] No such file or directory: 'C:/Users/Фёдор/Desktop/remake (6)/remake (5)/remake/data/1751965432_id'
[2025-06-27 13:31:26.961115] Ошибка записи в файл 'C:/Users/Фёдор/Desktop/remake (6)/remake (5)/remake/data/1751965432_id': [Errno 2] No such file or directory: 'C:/Users/Фёдор/Desktop/remake (6)/remake (5)/remake/data/1751965432_id'
[2025-06-27 13:31:32.884568] Ошибка записи в файл 'C:/Users/Фёдор/Desktop/remake (6)/remake (5)/remake/data/1751965432_id': [Errno 2] No such file or directory: 'C:/Users/Фёдор/Desktop/remake (6)/remake (5)/remake/data/1751965432_id'
[2025-06-27 13:31:35.994987] Ошибка записи в файл 'C:/Users/Фёдор/Desktop/remake (6)/remake (5)/remake/data/1751965432_id': [Errno 2] No such file or directory: 'C:/Users/Фёдор/Desktop/remake (6)/remake (5)/remake/data/1751965432_id'
[2025-06-27 13:31:38.147141] Ошибка записи в файл 'C:/Users/Фёдор/Desktop/remake (6)/remake (5)/remake/data/1751965432_id': [Errno 2] No such file or directory: 'C:/Users/Фёдор/Desktop/remake (6)/remake (5)/remake/data/1751965432_id'
[2025-06-27 13:31:41.315728] Ошибка записи в файл 'C:/Users/Фёдор/Desktop/remake (6)/remake (5)/remake/data/1751965432_id': [Errno 2] No such file or directory: 'C:/Users/Фёдор/Desktop/remake (6)/remake (5)/remake/data/1751965432_id'
[2025-06-27 13:31:43.653767] Ошибка записи в файл 'C:/Users/Фёдор/Desktop/remake (6)/remake (5)/remake/data/1751965432_id': [Errno 2] No such file or directory: 'C:/Users/Фёдор/Desktop/remake (6)/remake (5)/remake/data/1751965432_id'
[2025-06-27 13:31:50.186974] Ошибка записи в файл 'C:/Users/Фёдор/Desktop/remake (6)/remake (5)/remake/data/1751965432_id': [Errno 2] No such file or directory: 'C:/Users/Фёдор/Desktop/remake (6)/remake (5)/remake/data/1751965432_id'
[2025-06-27 13:31:55.430849] Ошибка записи в файл 'C:/Users/Фёдор/Desktop/remake (6)/remake (5)/remake/data/1751965432_id': [Errno 2] No such file or directory: 'C:/Users/Фёдор/Desktop/remake (6)/remake (5)/remake/data/1751965432_id'
[2025-06-27 13:32:00.102946] Ошибка записи в файл 'C:/Users/Фёдор/Desktop/remake (6)/remake (5)/remake/data/1751965432_id': [Errno 2] No such file or directory: 'C:/Users/Фёдор/Desktop/remake (6)/remake (5)/remake/data/1751965432_id'
[2025-06-27 13:47:24.171811] Ошибка записи в файл 'C:/Users/Фёдор/Desktop/remake (6)/remake (5)/remake/data/1751965432_id': [Errno 2] No such file or directory: 'C:/Users/Фёдор/Desktop/remake (6)/remake (5)/remake/data/1751965432_id'
[2025-06-27 13:47:27.547250] Ошибка записи в файл 'C:/Users/Фёдор/Desktop/remake (6)/remake (5)/remake/data/1751965432_id': [Errno 2] No such file or directory: 'C:/Users/Фёдор/Desktop/remake (6)/remake (5)/remake/data/1751965432_id'
[2025-06-27 13:47:29.252147] Ошибка записи в файл 'C:/Users/Фёдор/Desktop/remake (6)/remake (5)/remake/data/1751965432_id': [Errno 2] No such file or directory: 'C:/Users/Фёдор/Desktop/remake (6)/remake (5)/remake/data/1751965432_id'
[2025-06-27 13:47:31.514353] Ошибка записи в файл 'C:/Users/Фёдор/Desktop/remake (6)/remake (5)/remake/data/1751965432_id': [Errno 2] No such file or directory: 'C:/Users/Фёдор/Desktop/remake (6)/remake (5)/remake/data/1751965432_id'
[2025-06-27 13:48:30.990300] Ошибка записи в файл 'C:/Users/Фёдор/Desktop/remake (6)/remake (5)/remake/data/1751965432_id': [Errno 2] No such file or directory: 'C:/Users/Фёдор/Desktop/remake (6)/remake (5)/remake/data/1751965432_id'
[2025-06-27 13:48:33.498504] Ошибка записи в файл 'C:/Users/Фёдор/Desktop/remake (6)/remake (5)/remake/data/1751965432_id': [Errno 2] No such file or directory: 'C:/Users/Фёдор/Desktop/remake (6)/remake (5)/remake/data/1751965432_id'
[2025-06-27 13:48:39.711359] Ошибка записи в файл 'C:/Users/Фёдор/Desktop/remake (6)/remake (5)/remake/data/1751965432_id': [Errno 2] No such file or directory: 'C:/Users/Фёдор/Desktop/remake (6)/remake (5)/remake/data/1751965432_id'
[2025-06-27 13:48:42.215769] Ошибка записи в файл 'C:/Users/Фёдор/Desktop/remake (6)/remake (5)/remake/data/1751965432_id': [Errno 2] No such file or directory: 'C:/Users/Фёдор/Desktop/remake (6)/remake (5)/remake/data/1751965432_id'
[2025-06-27 14:21:43.506750] Ошибка записи в файл 'C:/Users/Фёдор/Desktop/remake (6)/remake (5)/remake/data/1751965432_id': [Errno 2] No such file or directory: 'C:/Users/Фёдор/Desktop/remake (6)/remake (5)/remake/data/1751965432_id'
[2025-06-27 14:22:04.468021] Ошибка записи в файл 'C:/Users/Фёдор/Desktop/remake (6)/remake (5)/remake/data/1751965432_id': [Errno 2] No such file or directory: 'C:/Users/Фёдор/Desktop/remake (6)/remake (5)/remake/data/1751965432_id'
[2025-06-27 14:45:43.075414] Ошибка записи в файл 'C:/Users/Фёдор/Desktop/remake (6)/remake (5)/remake/data/1751965432_id': [Errno 2] No such file or directory: 'C:/Users/Фёдор/Desktop/remake (6)/remake (5)/remake/data/1751965432_id'
[2025-06-27 14:45:45.491539] Ошибка записи в файл 'C:/Users/Фёдор/Desktop/remake (6)/remake (5)/remake/data/1751965432_id': [Errno 2] No such file or directory: 'C:/Users/Фёдор/Desktop/remake (6)/remake (5)/remake/data/1751965432_id'
[2025-06-27 14:47:31.600030] Ошибка записи в файл 'C:/Users/Фёдор/Desktop/remake (6)/remake (5)/remake/data/1751965432_id': [Errno 2] No such file or directory: 'C:/Users/Фёдор/Desktop/remake (6)/remake (5)/remake/data/1751965432_id'
[2025-06-27 14:47:34.496607] Ошибка записи в файл 'C:/Users/Фёдор/Desktop/remake (6)/remake (5)/remake/data/1751965432_id': [Errno 2] No such file or directory: 'C:/Users/Фёдор/Desktop/remake (6)/remake (5)/remake/data/1751965432_id'
[2025-06-27 14:47:35.874988] Ошибка записи в файл 'C:/Users/Фёдор/Desktop/remake (6)/remake (5)/remake/data/1751965432_id': [Errno 2] No such file or directory: 'C:/Users/Фёдор/Desktop/remake (6)/remake (5)/remake/data/1751965432_id'
[2025-06-27 14:47:37.114092] Ошибка записи в файл 'C:/Users/Фёдор/Desktop/remake (6)/remake (5)/remake/data/1751965432_id': [Errno 2] No such file or directory: 'C:/Users/Фёдор/Desktop/remake (6)/remake (5)/remake/data/1751965432_id'
[2025-06-27 14:47:38.159450] Ошибка записи в файл 'C:/Users/Фёдор/Desktop/remake (6)/remake (5)/remake/data/1751965432_id': [Errno 2] No such file or directory: 'C:/Users/Фёдор/Desktop/remake (6)/remake (5)/remake/data/1751965432_id'
[2025-06-27 14:47:39.773270] Ошибка записи в файл 'C:/Users/Фёдор/Desktop/remake (6)/remake (5)/remake/data/1751965432_id': [Errno 2] No such file or directory: 'C:/Users/Фёдор/Desktop/remake (6)/remake (5)/remake/data/1751965432_id'
[2025-06-27 14:47:41.889992] Ошибка записи в файл 'C:/Users/Фёдор/Desktop/remake (6)/remake (5)/remake/data/1751965432_id': [Errno 2] No such file or directory: 'C:/Users/Фёдор/Desktop/remake (6)/remake (5)/remake/data/1751965432_id'
[2025-06-27 14:47:43.196991] Ошибка записи в файл 'C:/Users/Фёдор/Desktop/remake (6)/remake (5)/remake/data/1751965432_id': [Errno 2] No such file or directory: 'C:/Users/Фёдор/Desktop/remake (6)/remake (5)/remake/data/1751965432_id'
[2025-06-27 14:47:44.180537] Ошибка записи в файл 'C:/Users/Фёдор/Desktop/remake (6)/remake (5)/remake/data/1751965432_id': [Errno 2] No such file or directory: 'C:/Users/Фёдор/Desktop/remake (6)/remake (5)/remake/data/1751965432_id'
[2025-06-27 14:47:45.400002] Ошибка записи в файл 'C:/Users/Фёдор/Desktop/remake (6)/remake (5)/remake/data/1751965432_id': [Errno 2] No such file or directory: 'C:/Users/Фёдор/Desktop/remake (6)/remake (5)/remake/data/1751965432_id'
[2025-06-27 14:47:47.544251] Ошибка записи в файл 'C:/Users/Фёдор/Desktop/remake (6)/remake (5)/remake/data/1751965432_id': [Errno 2] No such file or directory: 'C:/Users/Фёдор/Desktop/remake (6)/remake (5)/remake/data/1751965432_id'
[2025-06-27 14:47:49.379729] Ошибка записи в файл 'C:/Users/Фёдор/Desktop/remake (6)/remake (5)/remake/data/1751965432_id': [Errno 2] No such file or directory: 'C:/Users/Фёдор/Desktop/remake (6)/remake (5)/remake/data/1751965432_id'
[2025-06-27 14:47:50.831643] Ошибка записи в файл 'C:/Users/Фёдор/Desktop/remake (6)/remake (5)/remake/data/1751965432_id': [Errno 2] No such file or directory: 'C:/Users/Фёдор/Desktop/remake (6)/remake (5)/remake/data/1751965432_id'
[2025-06-27 14:47:52.351505] Ошибка записи в файл 'C:/Users/Фёдор/Desktop/remake (6)/remake (5)/remake/data/1751965432_id': [Errno 2] No such file or directory: 'C:/Users/Фёдор/Desktop/remake (6)/remake (5)/remake/data/1751965432_id'
[2025-06-27 14:54:03.707829] Ошибка записи в файл 'C:/Users/Фёдор/Desktop/remake (6)/remake (5)/remake/data/1751965432_id': [Errno 2] No such file or directory: 'C:/Users/Фёдор/Desktop/remake (6)/remake (5)/remake/data/1751965432_id'
[2025-06-27 14:54:05.459079] Ошибка записи в файл 'C:/Users/Фёдор/Desktop/remake (6)/remake (5)/remake/data/1751965432_id': [Errno 2] No such file or directory: 'C:/Users/Фёдор/Desktop/remake (6)/remake (5)/remake/data/1751965432_id'
[2025-06-27 19:49:18.031162] Ошибка записи в файл 'C:/Users/Фёдор/Desktop/remake (6)/remake (5)/remake/data/1751965432_id': [Errno 2] No such file or directory: 'C:/Users/Фёдор/Desktop/remake (6)/remake (5)/remake/data/1751965432_id'
[2025-06-30 14:08:14.672646] Ошибка записи в файл 'C:/Users/Фёдор/Desktop/remake (8)/data/1751965432_id': [Errno 2] No such file or directory: 'C:/Users/Фёдор/Desktop/remake (8)/data/1751965432_id'
[2025-06-30 14:09:15.364441] Ошибка записи в файл 'C:/Users/Фёдор/Desktop/remake (8)/data/1751965432_id': [Errno 2] No such file or directory: 'C:/Users/Фёдор/Desktop/remake (8)/data/1751965432_id'
[2025-06-30 14:09:21.987965] Ошибка записи в файл 'C:/Users/Фёдор/Desktop/remake (8)/data/1751965432_id': [Errno 2] No such file or directory: 'C:/Users/Фёдор/Desktop/remake (8)/data/1751965432_id'
[2025-06-30 14:11:14.427806] Ошибка записи в файл 'C:/Users/Фёдор/Desktop/remake (8)/data/1751965432_id': [Errno 2] No such file or directory: 'C:/Users/Фёдор/Desktop/remake (8)/data/1751965432_id'
[2025-06-30 14:11:23.189196] Ошибка записи в файл 'C:/Users/Фёдор/Desktop/remake (8)/data/1751965432_id': [Errno 2] No such file or directory: 'C:/Users/Фёдор/Desktop/remake (8)/data/1751965432_id'
[2025-06-30 14:11:25.626070] Ошибка записи в файл 'C:/Users/Фёдор/Desktop/remake (8)/data/1751965432_id': [Errno 2] No such file or directory: 'C:/Users/Фёдор/Desktop/remake (8)/data/1751965432_id'
[2025-06-30 14:12:29.422157] Ошибка записи в файл 'C:/Users/Фёдор/Desktop/remake (8)/data/1751965432_id': [Errno 2] No such file or directory: 'C:/Users/Фёдор/Desktop/remake (8)/data/1751965432_id'
[2025-06-30 14:12:44.569404] Ошибка записи в файл 'C:/Users/Фёдор/Desktop/remake (8)/data/1751965432_id': [Errno 2] No such file or directory: 'C:/Users/Фёдор/Desktop/remake (8)/data/1751965432_id'
[2025-06-30 14:12:47.386628] Ошибка записи в файл 'C:/Users/Фёдор/Desktop/remake (8)/data/1751965432_id': [Errno 2] No such file or directory: 'C:/Users/Фёдор/Desktop/remake (8)/data/1751965432_id'
[2025-06-30 14:14:36.235782] Ошибка записи в файл 'C:/Users/Фёдор/Desktop/remake (8)/data/1751965432_id': [Errno 2] No such file or directory: 'C:/Users/Фёдор/Desktop/remake (8)/data/1751965432_id'
[2025-06-30 14:14:44.727528] Ошибка записи в файл 'C:/Users/Фёдор/Desktop/remake (8)/data/1751965432_id': [Errno 2] No such file or directory: 'C:/Users/Фёдор/Desktop/remake (8)/data/1751965432_id'
[2025-06-30 14:14:58.811890] Ошибка записи в файл 'C:/Users/Фёдор/Desktop/remake (8)/data/1751965432_id': [Errno 2] No such file or directory: 'C:/Users/Фёдор/Desktop/remake (8)/data/1751965432_id'
[2025-06-30 14:20:48.234463] Ошибка записи в файл 'C:/Users/Фёдор/Desktop/remake (8)/data/1751965432_id': [Errno 2] No such file or directory: 'C:/Users/Фёдор/Desktop/remake (8)/data/1751965432_id'
[2025-06-30 14:20:50.582347] Ошибка записи в файл 'C:/Users/Фёдор/Desktop/remake (8)/data/1751965432_id': [Errno 2] No such file or directory: 'C:/Users/Фёдор/Desktop/remake (8)/data/1751965432_id'
[2025-06-30 14:20:57.926371] Ошибка записи в файл 'C:/Users/Фёдор/Desktop/remake (8)/data/1751965432_id': [Errno 2] No such file or directory: 'C:/Users/Фёдор/Desktop/remake (8)/data/1751965432_id'
[2025-06-30 14:22:10.003771] Ошибка записи в файл 'C:/Users/Фёдор/Desktop/remake (8)/data/1751965432_id': [Errno 2] No such file or directory: 'C:/Users/Фёдор/Desktop/remake (8)/data/1751965432_id'
[2025-06-30 14:22:18.629673] Ошибка записи в файл 'C:/Users/Фёдор/Desktop/remake (8)/data/1751965432_id': [Errno 2] No such file or directory: 'C:/Users/Фёдор/Desktop/remake (8)/data/1751965432_id'
[2025-06-30 14:52:33.119550] Ошибка записи в файл 'C:/Users/Фёдор/Desktop/remake (8)/data/1751965432_id': [Errno 2] No such file or directory: 'C:/Users/Фёдор/Desktop/remake (8)/data/1751965432_id'
[2025-06-30 14:52:37.865795] Ошибка записи в файл 'C:/Users/Фёдор/Desktop/remake (8)/data/1751965432_id': [Errno 2] No such file or directory: 'C:/Users/Фёдор/Desktop/remake (8)/data/1751965432_id'
[2025-06-30 14:52:50.882607] Ошибка записи в файл 'C:/Users/Фёдор/Desktop/remake (8)/data/1751965432_id': [Errno 2] No such file or directory: 'C:/Users/Фёдор/Desktop/remake (8)/data/1751965432_id'
[2025-07-04 13:42:58.301985] Ошибка записи в файл 'C:/Users/ПК/Desktop/ИванДом БОТ/data/1751965432_id': [Errno 2] No such file or directory: 'C:/Users/ПК/Desktop/ИванДом БОТ/data/1751965432_id'
[2025-07-04 13:43:01.369288] Ошибка записи в файл 'C:/Users/ПК/Desktop/ИванДом БОТ/data/1751965432_id': [Errno 2] No such file or directory: 'C:/Users/ПК/Desktop/ИванДом БОТ/data/1751965432_id'
[2025-07-04 13:43:07.221061] Ошибка записи в файл 'C:/Users/ПК/Desktop/ИванДом БОТ/data/1751965432_id': [Errno 2] No such file or directory: 'C:/Users/ПК/Desktop/ИванДом БОТ/data/1751965432_id'
[2025-07-04 13:43:30.495848] Ошибка записи в файл 'C:/Users/ПК/Desktop/ИванДом БОТ/data/1751965432_id': [Errno 2] No such file or directory: 'C:/Users/ПК/Desktop/ИванДом БОТ/data/1751965432_id'
[2025-07-04 13:43:37.314390] Ошибка записи в файл 'C:/Users/ПК/Desktop/ИванДом БОТ/data/1751965432_id': [Errno 2] No such file or directory: 'C:/Users/ПК/Desktop/ИванДом БОТ/data/1751965432_id'
[2025-07-04 13:43:41.992278] Ошибка записи в файл 'C:/Users/ПК/Desktop/ИванДом БОТ/data/1751965432_id': [Errno 2] No such file or directory: 'C:/Users/ПК/Desktop/ИванДом БОТ/data/1751965432_id'
[2025-07-04 13:45:08.839918] Ошибка записи в файл 'C:/Users/ПК/Desktop/ИванДом БОТ/data/1751965432_id': [Errno 2] No such file or directory: 'C:/Users/ПК/Desktop/ИванДом БОТ/data/1751965432_id'
[2025-07-04 13:45:20.978472] Ошибка записи в файл 'C:/Users/ПК/Desktop/ИванДом БОТ/data/1751965432_id': [Errno 2] No such file or directory: 'C:/Users/ПК/Desktop/ИванДом БОТ/data/1751965432_id'
[2025-07-04 13:46:19.787263] Ошибка записи в файл 'C:/Users/ПК/Desktop/ИванДом БОТ/data/1751965432_id': [Errno 2] No such file or directory: 'C:/Users/ПК/Desktop/ИванДом БОТ/data/1751965432_id'
[2025-07-04 13:46:21.756132] Ошибка записи в файл 'C:/Users/ПК/Desktop/ИванДом БОТ/data/1751965432_id': [Errno 2] No such file or directory: 'C:/Users/ПК/Desktop/ИванДом БОТ/data/1751965432_id'
[2025-07-04 13:46:26.213327] Ошибка записи в файл 'C:/Users/ПК/Desktop/ИванДом БОТ/data/1751965432_id': [Errno 2] No such file or directory: 'C:/Users/ПК/Desktop/ИванДом БОТ/data/1751965432_id'
[2025-07-04 13:50:17.935410] Ошибка записи в файл 'C:/Users/ПК/Desktop/ИванДом БОТ/data/1751965432_id': [Errno 2] No such file or directory: 'C:/Users/ПК/Desktop/ИванДом БОТ/data/1751965432_id'
[2025-07-04 13:50:20.472292] Ошибка записи в файл 'C:/Users/ПК/Desktop/ИванДом БОТ/data/1751965432_id': [Errno 2] No such file or directory: 'C:/Users/ПК/Desktop/ИванДом БОТ/data/1751965432_id'
[2025-07-04 13:50:24.612669] Ошибка записи в файл 'C:/Users/ПК/Desktop/ИванДом БОТ/data/1751965432_id': [Errno 2] No such file or directory: 'C:/Users/ПК/Desktop/ИванДом БОТ/data/1751965432_id'
[2025-07-04 13:50:27.371610] Ошибка записи в файл 'C:/Users/ПК/Desktop/ИванДом БОТ/data/1751965432_id': [Errno 2] No such file or directory: 'C:/Users/ПК/Desktop/ИванДом БОТ/data/1751965432_id'
[2025-07-04 13:50:28.846933] Ошибка записи в файл 'C:/Users/ПК/Desktop/ИванДом БОТ/data/1751965432_id': [Errno 2] No such file or directory: 'C:/Users/ПК/Desktop/ИванДом БОТ/data/1751965432_id'
[2025-07-04 13:50:31.217306] Ошибка записи в файл 'C:/Users/ПК/Desktop/ИванДом БОТ/data/1751965432_id': [Errno 2] No such file or directory: 'C:/Users/ПК/Desktop/ИванДом БОТ/data/1751965432_id'
[2025-07-04 13:50:33.442214] Ошибка записи в файл 'C:/Users/ПК/Desktop/ИванДом БОТ/data/1751965432_id': [Errno 2] No such file or directory: 'C:/Users/ПК/Desktop/ИванДом БОТ/data/1751965432_id'
[2025-07-04 13:50:35.786262] Ошибка записи в файл 'C:/Users/ПК/Desktop/ИванДом БОТ/data/1751965432_id': [Errno 2] No such file or directory: 'C:/Users/ПК/Desktop/ИванДом БОТ/data/1751965432_id'
[2025-07-04 13:50:38.196476] Ошибка записи в файл 'C:/Users/ПК/Desktop/ИванДом БОТ/data/1751965432_id': [Errno 2] No such file or directory: 'C:/Users/ПК/Desktop/ИванДом БОТ/data/1751965432_id'
[2025-07-04 13:50:41.375993] Ошибка записи в файл 'C:/Users/ПК/Desktop/ИванДом БОТ/data/1751965432_id': [Errno 2] No such file or directory: 'C:/Users/ПК/Desktop/ИванДом БОТ/data/1751965432_id'
[2025-07-04 13:50:49.535419] Ошибка записи в файл 'C:/Users/ПК/Desktop/ИванДом БОТ/data/1751965432_id': [Errno 2] No such file or directory: 'C:/Users/ПК/Desktop/ИванДом БОТ/data/1751965432_id'
[2025-07-04 13:51:02.380669] Ошибка записи в файл 'C:/Users/ПК/Desktop/ИванДом БОТ/data/1751965432_id': [Errno 2] No such file or directory: 'C:/Users/ПК/Desktop/ИванДом БОТ/data/1751965432_id'
[2025-07-04 13:51:10.295102] Ошибка записи в файл 'C:/Users/ПК/Desktop/ИванДом БОТ/data/1751965432_id': [Errno 2] No such file or directory: 'C:/Users/ПК/Desktop/ИванДом БОТ/data/1751965432_id'
[2025-07-04 13:51:15.146753] Ошибка записи в файл 'C:/Users/ПК/Desktop/ИванДом БОТ/data/1751965432_id': [Errno 2] No such file or directory: 'C:/Users/ПК/Desktop/ИванДом БОТ/data/1751965432_id'
[2025-07-04 13:51:25.103212] Ошибка записи в файл 'C:/Users/ПК/Desktop/ИванДом БОТ/data/1751965432_id': [Errno 2] No such file or directory: 'C:/Users/ПК/Desktop/ИванДом БОТ/data/1751965432_id'
[2025-07-04 13:53:04.872416] Ошибка записи в файл 'C:/Users/ПК/Desktop/ИванДом БОТ/data/1751965432_id': [Errno 2] No such file or directory: 'C:/Users/ПК/Desktop/ИванДом БОТ/data/1751965432_id'
[2025-07-04 13:53:08.382769] Ошибка записи в файл 'C:/Users/ПК/Desktop/ИванДом БОТ/data/1751965432_id': [Errno 2] No such file or directory: 'C:/Users/ПК/Desktop/ИванДом БОТ/data/1751965432_id'
[2025-07-04 13:53:37.733068] Ошибка записи в файл 'C:/Users/ПК/Desktop/ИванДом БОТ/data/1751965432_id': [Errno 2] No such file or directory: 'C:/Users/ПК/Desktop/ИванДом БОТ/data/1751965432_id'
[2025-07-04 13:56:52.269183] Ошибка записи в файл 'C:/Users/ПК/Desktop/ИванДом БОТ/data/1751965432_id': [Errno 2] No such file or directory: 'C:/Users/ПК/Desktop/ИванДом БОТ/data/1751965432_id'
[2025-07-04 13:56:56.864669] Ошибка записи в файл 'C:/Users/ПК/Desktop/ИванДом БОТ/data/1751965432_id': [Errno 2] No such file or directory: 'C:/Users/ПК/Desktop/ИванДом БОТ/data/1751965432_id'
[2025-07-04 19:14:43.369277] Ошибка записи в файл 'C:/Users/ПК/Desktop/ИванДом БОТ/data/1751965432_id': [Errno 2] No such file or directory: 'C:/Users/ПК/Desktop/ИванДом БОТ/data/1751965432_id'
[2025-07-04 19:14:47.698957] Ошибка записи в файл 'C:/Users/ПК/Desktop/ИванДом БОТ/data/1751965432_id': [Errno 2] No such file or directory: 'C:/Users/ПК/Desktop/ИванДом БОТ/data/1751965432_id'
[2025-07-04 19:15:04.193714] Ошибка записи в файл 'C:/Users/ПК/Desktop/ИванДом БОТ/data/1751965432_id': [Errno 2] No such file or directory: 'C:/Users/ПК/Desktop/ИванДом БОТ/data/1751965432_id'
[2025-07-04 19:15:06.310920] Ошибка записи в файл 'C:/Users/ПК/Desktop/ИванДом БОТ/data/1751965432_id': [Errno 2] No such file or directory: 'C:/Users/ПК/Desktop/ИванДом БОТ/data/1751965432_id'
[2025-07-04 19:15:07.708105] Ошибка записи в файл 'C:/Users/ПК/Desktop/ИванДом БОТ/data/1751965432_id': [Errno 2] No such file or directory: 'C:/Users/ПК/Desktop/ИванДом БОТ/data/1751965432_id'
[2025-07-04 19:15:44.724505] Ошибка записи в файл 'C:/Users/ПК/Desktop/ИванДом БОТ/data/1184924981_id': [Errno 2] No such file or directory: 'C:/Users/ПК/Desktop/ИванДом БОТ/data/1184924981_id'
[2025-07-04 19:16:22.280130] Ошибка записи в файл 'C:/Users/ПК/Desktop/ИванДом БОТ/data/1184924981_id': [Errno 2] No such file or directory: 'C:/Users/ПК/Desktop/ИванДом БОТ/data/1184924981_id'
[2025-07-04 19:16:27.814699] Ошибка записи в файл 'C:/Users/ПК/Desktop/ИванДом БОТ/data/1184924981_id': [Errno 2] No such file or directory: 'C:/Users/ПК/Desktop/ИванДом БОТ/data/1184924981_id'
[2025-07-04 19:16:29.726864] Ошибка записи в файл 'C:/Users/ПК/Desktop/ИванДом БОТ/data/1184924981_id': [Errno 2] No such file or directory: 'C:/Users/ПК/Desktop/ИванДом БОТ/data/1184924981_id'
[2025-07-04 19:16:36.944265] Ошибка записи в файл 'C:/Users/ПК/Desktop/ИванДом БОТ/data/1184924981_id': [Errno 2] No such file or directory: 'C:/Users/ПК/Desktop/ИванДом БОТ/data/1184924981_id'
[2025-07-04 19:16:38.594011] Ошибка записи в файл 'C:/Users/ПК/Desktop/ИванДом БОТ/data/1184924981_id': [Errno 2] No such file or directory: 'C:/Users/ПК/Desktop/ИванДом БОТ/data/1184924981_id'
[2025-07-04 19:16:56.647764] Ошибка записи в файл 'C:/Users/ПК/Desktop/ИванДом БОТ/data/1184924981_id': [Errno 2] No such file or directory: 'C:/Users/ПК/Desktop/ИванДом БОТ/data/1184924981_id'
[2025-07-04 19:16:58.233077] Ошибка записи в файл 'C:/Users/ПК/Desktop/ИванДом БОТ/data/1184924981_id': [Errno 2] No such file or directory: 'C:/Users/ПК/Desktop/ИванДом БОТ/data/1184924981_id'
[2025-07-04 19:17:03.291944] Ошибка записи в файл 'C:/Users/ПК/Desktop/ИванДом БОТ/data/1184924981_id': [Errno 2] No such file or directory: 'C:/Users/ПК/Desktop/ИванДом БОТ/data/1184924981_id'
[2025-07-04 19:17:04.921289] Ошибка записи в файл 'C:/Users/ПК/Desktop/ИванДом БОТ/data/1184924981_id': [Errno 2] No such file or directory: 'C:/Users/ПК/Desktop/ИванДом БОТ/data/1184924981_id'
[2025-07-04 19:17:08.613627] Ошибка записи в файл 'C:/Users/ПК/Desktop/ИванДом БОТ/data/1184924981_id': [Errno 2] No such file or directory: 'C:/Users/ПК/Desktop/ИванДом БОТ/data/1184924981_id'
[2025-07-04 19:17:11.527529] Ошибка записи в файл 'C:/Users/ПК/Desktop/ИванДом БОТ/data/1184924981_id': [Errno 2] No such file or directory: 'C:/Users/ПК/Desktop/ИванДом БОТ/data/1184924981_id'
[2025-07-04 19:17:12.727665] Ошибка записи в файл 'C:/Users/ПК/Desktop/ИванДом БОТ/data/1184924981_id': [Errno 2] No such file or directory: 'C:/Users/ПК/Desktop/ИванДом БОТ/data/1184924981_id'
[2025-07-04 19:17:13.915575] Ошибка записи в файл 'C:/Users/ПК/Desktop/ИванДом БОТ/data/1184924981_id': [Errno 2] No such file or directory: 'C:/Users/ПК/Desktop/ИванДом БОТ/data/1184924981_id'
[2025-07-04 19:17:18.654294] Ошибка записи в файл 'C:/Users/ПК/Desktop/ИванДом БОТ/data/1184924981_id': [Errno 2] No such file or directory: 'C:/Users/ПК/Desktop/ИванДом БОТ/data/1184924981_id'
[2025-07-04 19:17:41.532682] Ошибка записи в файл 'C:/Users/ПК/Desktop/ИванДом БОТ/data/1184924981_id': [Errno 2] No such file or directory: 'C:/Users/ПК/Desktop/ИванДом БОТ/data/1184924981_id'
[2025-07-04 19:17:52.314236] Ошибка записи в файл 'C:/Users/ПК/Desktop/ИванДом БОТ/data/1184924981_id': [Errno 2] No such file or directory: 'C:/Users/ПК/Desktop/ИванДом БОТ/data/1184924981_id'
[2025-07-04 19:17:53.147598] Ошибка записи в файл 'C:/Users/ПК/Desktop/ИванДом БОТ/data/1184924981_id': [Errno 2] No such file or directory: 'C:/Users/ПК/Desktop/ИванДом БОТ/data/1184924981_id'
[2025-07-04 19:18:11.402376] Ошибка записи в файл 'C:/Users/ПК/Desktop/ИванДом БОТ/data/1184924981_id': [Errno 2] No such file or directory: 'C:/Users/ПК/Desktop/ИванДом БОТ/data/1184924981_id'
[2025-07-04 19:18:22.174075] Ошибка записи в файл 'C:/Users/ПК/Desktop/ИванДом БОТ/data/1184924981_id': [Errno 2] No such file or directory: 'C:/Users/ПК/Desktop/ИванДом БОТ/data/1184924981_id'
[2025-07-04 19:18:33.158566] Ошибка записи в файл 'C:/Users/ПК/Desktop/ИванДом БОТ/data/1184924981_id': [Errno 2] No such file or directory: 'C:/Users/ПК/Desktop/ИванДом БОТ/data/1184924981_id'
[2025-07-04 19:18:43.661539] Ошибка записи в файл 'C:/Users/ПК/Desktop/ИванДом БОТ/data/1184924981_id': [Errno 2] No such file or directory: 'C:/Users/ПК/Desktop/ИванДом БОТ/data/1184924981_id'
[2025-07-04 19:18:53.895806] Ошибка записи в файл 'C:/Users/ПК/Desktop/ИванДом БОТ/data/1184924981_id': [Errno 2] No such file or directory: 'C:/Users/ПК/Desktop/ИванДом БОТ/data/1184924981_id'
[2025-07-04 19:18:56.697771] Ошибка записи в файл 'C:/Users/ПК/Desktop/ИванДом БОТ/data/1184924981_id': [Errno 2] No such file or directory: 'C:/Users/ПК/Desktop/ИванДом БОТ/data/1184924981_id'
[2025-07-04 19:19:00.739048] Ошибка записи в файл 'C:/Users/ПК/Desktop/ИванДом БОТ/data/1184924981_id': [Errno 2] No such file or directory: 'C:/Users/ПК/Desktop/ИванДом БОТ/data/1184924981_id'
[2025-07-04 19:19:05.145453] Ошибка записи в файл 'C:/Users/ПК/Desktop/ИванДом БОТ/data/1184924981_id': [Errno 2] No such file or directory: 'C:/Users/ПК/Desktop/ИванДом БОТ/data/1184924981_id'
[2025-07-04 19:19:12.996863] Ошибка записи в файл 'C:/Users/ПК/Desktop/ИванДом БОТ/data/1184924981_id': [Errno 2] No such file or directory: 'C:/Users/ПК/Desktop/ИванДом БОТ/data/1184924981_id'
[2025-07-04 19:19:13.797390] Ошибка записи в файл 'C:/Users/ПК/Desktop/ИванДом БОТ/data/1184924981_id': [Errno 2] No such file or directory: 'C:/Users/ПК/Desktop/ИванДом БОТ/data/1184924981_id'
[2025-07-04 19:19:21.670267] Ошибка записи в файл 'C:/Users/ПК/Desktop/ИванДом БОТ/data/1184924981_id': [Errno 2] No such file or directory: 'C:/Users/ПК/Desktop/ИванДом БОТ/data/1184924981_id'
[2025-07-04 19:19:28.189065] Ошибка записи в файл 'C:/Users/ПК/Desktop/ИванДом БОТ/data/1184924981_id': [Errno 2] No such file or directory: 'C:/Users/ПК/Desktop/ИванДом БОТ/data/1184924981_id'
[2025-07-04 19:19:55.494321] Ошибка записи в файл 'C:/Users/ПК/Desktop/ИванДом БОТ/data/1184924981_id': [Errno 2] No such file or directory: 'C:/Users/ПК/Desktop/ИванДом БОТ/data/1184924981_id'
[2025-07-04 19:19:57.847606] Ошибка записи в файл 'C:/Users/ПК/Desktop/ИванДом БОТ/data/1184924981_id': [Errno 2] No such file or directory: 'C:/Users/ПК/Desktop/ИванДом БОТ/data/1184924981_id'
[2025-07-04 19:19:58.937585] Ошибка записи в файл 'C:/Users/ПК/Desktop/ИванДом БОТ/data/1184924981_id': [Errno 2] No such file or directory: 'C:/Users/ПК/Desktop/ИванДом БОТ/data/1184924981_id'
[2025-07-04 19:20:01.266819] Ошибка записи в файл 'C:/Users/ПК/Desktop/ИванДом БОТ/data/1184924981_id': [Errno 2] No such file or directory: 'C:/Users/ПК/Desktop/ИванДом БОТ/data/1184924981_id'
[2025-07-04 19:20:04.862795] Ошибка записи в файл 'C:/Users/ПК/Desktop/ИванДом БОТ/data/1184924981_id': [Errno 2] No such file or directory: 'C:/Users/ПК/Desktop/ИванДом БОТ/data/1184924981_id'
[2025-07-04 19:20:06.024153] Ошибка записи в файл 'C:/Users/ПК/Desktop/ИванДом БОТ/data/1184924981_id': [Errno 2] No such file or directory: 'C:/Users/ПК/Desktop/ИванДом БОТ/data/1184924981_id'
[2025-07-04 19:20:18.671696] Ошибка записи в файл 'C:/Users/ПК/Desktop/ИванДом БОТ/data/1184924981_id': [Errno 2] No such file or directory: 'C:/Users/ПК/Desktop/ИванДом БОТ/data/1184924981_id'
[2025-07-04 19:20:24.742125] Ошибка записи в файл 'C:/Users/ПК/Desktop/ИванДом БОТ/data/1184924981_id': [Errno 2] No such file or directory: 'C:/Users/ПК/Desktop/ИванДом БОТ/data/1184924981_id'
[2025-07-04 19:20:27.608691] Ошибка записи в файл 'C:/Users/ПК/Desktop/ИванДом БОТ/data/1184924981_id': [Errno 2] No such file or directory: 'C:/Users/ПК/Desktop/ИванДом БОТ/data/1184924981_id'
[2025-07-04 19:20:40.946374] Ошибка записи в файл 'C:/Users/ПК/Desktop/ИванДом БОТ/data/1184924981_id': [Errno 2] No such file or directory: 'C:/Users/ПК/Desktop/ИванДом БОТ/data/1184924981_id'
[2025-07-04 19:20:44.443619] Ошибка записи в файл 'C:/Users/ПК/Desktop/ИванДом БОТ/data/1184924981_id': [Errno 2] No such file or directory: 'C:/Users/ПК/Desktop/ИванДом БОТ/data/1184924981_id'
[2025-07-04 19:20:45.277714] Ошибка записи в файл 'C:/Users/ПК/Desktop/ИванДом БОТ/data/1184924981_id': [Errno 2] No such file or directory: 'C:/Users/ПК/Desktop/ИванДом БОТ/data/1184924981_id'
[2025-07-04 19:20:56.628177] Ошибка записи в файл 'C:/Users/ПК/Desktop/ИванДом БОТ/data/1184924981_id': [Errno 2] No such file or directory: 'C:/Users/ПК/Desktop/ИванДом БОТ/data/1184924981_id'
[2025-07-04 19:21:21.319182] Ошибка записи в файл 'C:/Users/ПК/Desktop/ИванДом БОТ/data/1184924981_id': [Errno 2] No such file or directory: 'C:/Users/ПК/Desktop/ИванДом БОТ/data/1184924981_id'
[2025-07-04 19:21:22.151074] Ошибка записи в файл 'C:/Users/ПК/Desktop/ИванДом БОТ/data/1184924981_id': [Errno 2] No such file or directory: 'C:/Users/ПК/Desktop/ИванДом БОТ/data/1184924981_id'
[2025-07-04 19:21:26.893980] Ошибка записи в файл 'C:/Users/ПК/Desktop/ИванДом БОТ/data/1184924981_id': [Errno 2] No such file or directory: 'C:/Users/ПК/Desktop/ИванДом БОТ/data/1184924981_id'
[2025-07-04 19:21:31.153592] Ошибка записи в файл 'C:/Users/ПК/Desktop/ИванДом БОТ/data/1184924981_id': [Errno 2] No such file or directory: 'C:/Users/ПК/Desktop/ИванДом БОТ/data/1184924981_id'
[2025-07-04 19:21:32.892782] Ошибка записи в файл 'C:/Users/ПК/Desktop/ИванДом БОТ/data/1184924981_id': [Errno 2] No such file or directory: 'C:/Users/ПК/Desktop/ИванДом БОТ/data/1184924981_id'
[2025-07-04 19:21:38.514115] Ошибка записи в файл 'C:/Users/ПК/Desktop/ИванДом БОТ/data/1184924981_id': [Errno 2] No such file or directory: 'C:/Users/ПК/Desktop/ИванДом БОТ/data/1184924981_id'
[2025-07-04 19:21:40.596568] Ошибка записи в файл 'C:/Users/ПК/Desktop/ИванДом БОТ/data/1184924981_id': [Errno 2] No such file or directory: 'C:/Users/ПК/Desktop/ИванДом БОТ/data/1184924981_id'
[2025-07-04 19:21:43.009696] Ошибка записи в файл 'C:/Users/ПК/Desktop/ИванДом БОТ/data/1184924981_id': [Errno 2] No such file or directory: 'C:/Users/ПК/Desktop/ИванДом БОТ/data/1184924981_id'
[2025-07-04 19:21:47.663635] Ошибка записи в файл 'C:/Users/ПК/Desktop/ИванДом БОТ/data/1184924981_id': [Errno 2] No such file or directory: 'C:/Users/ПК/Desktop/ИванДом БОТ/data/1184924981_id'
[2025-07-04 19:21:49.495207] Ошибка записи в файл 'C:/Users/ПК/Desktop/ИванДом БОТ/data/1184924981_id': [Errno 2] No such file or directory: 'C:/Users/ПК/Desktop/ИванДом БОТ/data/1184924981_id'
[2025-07-04 19:21:50.769812] Ошибка записи в файл 'C:/Users/ПК/Desktop/ИванДом БОТ/data/1184924981_id': [Errno 2] No such file or directory: 'C:/Users/ПК/Desktop/ИванДом БОТ/data/1184924981_id'
[2025-07-04 19:21:53.424046] Ошибка записи в файл 'C:/Users/ПК/Desktop/ИванДом БОТ/data/1184924981_id': [Errno 2] No such file or directory: 'C:/Users/ПК/Desktop/ИванДом БОТ/data/1184924981_id'
[2025-07-04 19:22:20.597238] Ошибка записи в файл 'C:/Users/ПК/Desktop/ИванДом БОТ/data/1184924981_id': [Errno 2] No such file or directory: 'C:/Users/ПК/Desktop/ИванДом БОТ/data/1184924981_id'
[2025-07-04 19:22:22.383957] Ошибка записи в файл 'C:/Users/ПК/Desktop/ИванДом БОТ/data/1184924981_id': [Errno 2] No such file or directory: 'C:/Users/ПК/Desktop/ИванДом БОТ/data/1184924981_id'
[2025-07-04 19:22:24.353998] Ошибка записи в файл 'C:/Users/ПК/Desktop/ИванДом БОТ/data/1184924981_id': [Errno 2] No such file or directory: 'C:/Users/ПК/Desktop/ИванДом БОТ/data/1184924981_id'
[2025-07-04 19:22:39.099937] Ошибка записи в файл 'C:/Users/ПК/Desktop/ИванДом БОТ/data/1184924981_id': [Errno 2] No such file or directory: 'C:/Users/ПК/Desktop/ИванДом БОТ/data/1184924981_id'
[2025-07-04 19:22:40.805277] Ошибка записи в файл 'C:/Users/ПК/Desktop/ИванДом БОТ/data/1184924981_id': [Errno 2] No such file or directory: 'C:/Users/ПК/Desktop/ИванДом БОТ/data/1184924981_id'
[2025-07-04 19:22:43.263506] Ошибка записи в файл 'C:/Users/ПК/Desktop/ИванДом БОТ/data/1184924981_id': [Errno 2] No such file or directory: 'C:/Users/ПК/Desktop/ИванДом БОТ/data/1184924981_id'
[2025-07-04 19:22:44.747331] Ошибка записи в файл 'C:/Users/ПК/Desktop/ИванДом БОТ/data/1184924981_id': [Errno 2] No such file or directory: 'C:/Users/ПК/Desktop/ИванДом БОТ/data/1184924981_id'
[2025-07-04 19:22:55.475369] Ошибка записи в файл 'C:/Users/ПК/Desktop/ИванДом БОТ/data/1184924981_id': [Errno 2] No such file or directory: 'C:/Users/ПК/Desktop/ИванДом БОТ/data/1184924981_id'
[2025-07-04 19:22:58.295846] Ошибка записи в файл 'C:/Users/ПК/Desktop/ИванДом БОТ/data/1184924981_id': [Errno 2] No such file or directory: 'C:/Users/ПК/Desktop/ИванДом БОТ/data/1184924981_id'
[2025-07-04 19:22:59.629739] Ошибка записи в файл 'C:/Users/ПК/Desktop/ИванДом БОТ/data/1184924981_id': [Errno 2] No such file or directory: 'C:/Users/ПК/Desktop/ИванДом БОТ/data/1184924981_id'
[2025-07-04 19:23:17.397808] Ошибка записи в файл 'C:/Users/ПК/Desktop/ИванДом БОТ/data/1184924981_id': [Errno 2] No such file or directory: 'C:/Users/ПК/Desktop/ИванДом БОТ/data/1184924981_id'
[2025-07-04 19:23:30.583168] Ошибка записи в файл 'C:/Users/ПК/Desktop/ИванДом БОТ/data/1184924981_id': [Errno 2] No such file or directory: 'C:/Users/ПК/Desktop/ИванДом БОТ/data/1184924981_id'
[2025-07-04 19:23:40.712344] Ошибка записи в файл 'C:/Users/ПК/Desktop/ИванДом БОТ/data/1184924981_id': [Errno 2] No such file or directory: 'C:/Users/ПК/Desktop/ИванДом БОТ/data/1184924981_id'
[2025-07-04 19:23:52.190399] Ошибка записи в файл 'C:/Users/ПК/Desktop/ИванДом БОТ/data/1184924981_id': [Errno 2] No such file or directory: 'C:/Users/ПК/Desktop/ИванДом БОТ/data/1184924981_id'
[2025-07-04 19:23:53.605068] Ошибка записи в файл 'C:/Users/ПК/Desktop/ИванДом БОТ/data/1184924981_id': [Errno 2] No such file or directory: 'C:/Users/ПК/Desktop/ИванДом БОТ/data/1184924981_id'
[2025-07-04 19:23:58.747192] Ошибка записи в файл 'C:/Users/ПК/Desktop/ИванДом БОТ/data/1184924981_id': [Errno 2] No such file or directory: 'C:/Users/ПК/Desktop/ИванДом БОТ/data/1184924981_id'
[2025-07-04 19:24:00.337082] Ошибка записи в файл 'C:/Users/ПК/Desktop/ИванДом БОТ/data/1184924981_id': [Errno 2] No such file or directory: 'C:/Users/ПК/Desktop/ИванДом БОТ/data/1184924981_id'
[2025-07-04 19:24:07.528669] Ошибка записи в файл 'C:/Users/ПК/Desktop/ИванДом БОТ/data/1184924981_id': [Errno 2] No such file or directory: 'C:/Users/ПК/Desktop/ИванДом БОТ/data/1184924981_id'
[2025-07-04 19:24:08.575261] Ошибка записи в файл 'C:/Users/ПК/Desktop/ИванДом БОТ/data/1184924981_id': [Errno 2] No such file or directory: 'C:/Users/ПК/Desktop/ИванДом БОТ/data/1184924981_id'
[2025-07-04 19:24:10.466990] Ошибка записи в файл 'C:/Users/ПК/Desktop/ИванДом БОТ/data/1184924981_id': [Errno 2] No such file or directory: 'C:/Users/ПК/Desktop/ИванДом БОТ/data/1184924981_id'
[2025-07-04 19:26:48.028355] Ошибка записи в файл 'C:/Users/ПК/Desktop/ИванДом БОТ/data/1184924981_id': [Errno 2] No such file or directory: 'C:/Users/ПК/Desktop/ИванДом БОТ/data/1184924981_id'
[2025-07-04 19:26:50.543342] Ошибка записи в файл 'C:/Users/ПК/Desktop/ИванДом БОТ/data/1184924981_id': [Errno 2] No such file or directory: 'C:/Users/ПК/Desktop/ИванДом БОТ/data/1184924981_id'
[2025-07-04 19:26:51.573191] Ошибка записи в файл 'C:/Users/ПК/Desktop/ИванДом БОТ/data/1184924981_id': [Errno 2] No such file or directory: 'C:/Users/ПК/Desktop/ИванДом БОТ/data/1184924981_id'
[2025-07-04 19:26:53.423003] Ошибка записи в файл 'C:/Users/ПК/Desktop/ИванДом БОТ/data/1184924981_id': [Errno 2] No such file or directory: 'C:/Users/ПК/Desktop/ИванДом БОТ/data/1184924981_id'
[2025-07-04 19:26:57.395567] Ошибка записи в файл 'C:/Users/ПК/Desktop/ИванДом БОТ/data/1184924981_id': [Errno 2] No such file or directory: 'C:/Users/ПК/Desktop/ИванДом БОТ/data/1184924981_id'
[2025-07-04 19:26:58.370545] Ошибка записи в файл 'C:/Users/ПК/Desktop/ИванДом БОТ/data/1184924981_id': [Errno 2] No such file or directory: 'C:/Users/ПК/Desktop/ИванДом БОТ/data/1184924981_id'
[2025-07-04 19:26:59.009605] Ошибка записи в файл 'C:/Users/ПК/Desktop/ИванДом БОТ/data/1184924981_id': [Errno 2] No such file or directory: 'C:/Users/ПК/Desktop/ИванДом БОТ/data/1184924981_id'
[2025-07-04 19:27:24.723505] Ошибка записи в файл 'C:/Users/ПК/Desktop/ИванДом БОТ/data/1184924981_id': [Errno 2] No such file or directory: 'C:/Users/ПК/Desktop/ИванДом БОТ/data/1184924981_id'
[2025-07-04 19:27:41.806937] Ошибка записи в файл 'C:/Users/ПК/Desktop/ИванДом БОТ/data/1184924981_id': [Errno 2] No such file or directory: 'C:/Users/ПК/Desktop/ИванДом БОТ/data/1184924981_id'
[2025-07-04 19:28:41.065230] Ошибка записи в файл 'C:/Users/ПК/Desktop/ИванДом БОТ/data/1184924981_id': [Errno 2] No such file or directory: 'C:/Users/ПК/Desktop/ИванДом БОТ/data/1184924981_id'
[2025-07-04 19:28:43.769442] Ошибка записи в файл 'C:/Users/ПК/Desktop/ИванДом БОТ/data/1184924981_id': [Errno 2] No such file or directory: 'C:/Users/ПК/Desktop/ИванДом БОТ/data/1184924981_id'
[2025-07-04 19:29:30.261243] Ошибка записи в файл 'C:/Users/ПК/Desktop/ИванДом БОТ/data/1184924981_id': [Errno 2] No such file or directory: 'C:/Users/ПК/Desktop/ИванДом БОТ/data/1184924981_id'
[2025-07-04 19:29:39.075914] Ошибка записи в файл 'C:/Users/ПК/Desktop/ИванДом БОТ/data/1184924981_id': [Errno 2] No such file or directory: 'C:/Users/ПК/Desktop/ИванДом БОТ/data/1184924981_id'
[2025-07-04 19:29:54.217151] Ошибка записи в файл 'C:/Users/ПК/Desktop/ИванДом БОТ/data/1184924981_id': [Errno 2] No such file or directory: 'C:/Users/ПК/Desktop/ИванДом БОТ/data/1184924981_id'
[2025-07-09 16:48:13.720259] Ошибка записи в файл 'C:/Users/ПК/Desktop/ИванДом БОТ/data/1751965432_id': [Errno 2] No such file or directory: 'C:/Users/ПК/Desktop/ИванДом БОТ/data/1751965432_id'
[2025-07-09 16:48:16.190270] Ошибка записи в файл 'C:/Users/ПК/Desktop/ИванДом БОТ/data/1751965432_id': [Errno 2] No such file or directory: 'C:/Users/ПК/Desktop/ИванДом БОТ/data/1751965432_id'
[2025-07-09 16:48:26.328960] Ошибка записи в файл 'C:/Users/ПК/Desktop/ИванДом БОТ/data/1751965432_id': [Errno 2] No such file or directory: 'C:/Users/ПК/Desktop/ИванДом БОТ/data/1751965432_id'
[2025-07-09 16:50:35.957179] Ошибка записи в файл 'C:/Users/ПК/Desktop/ИванДом БОТ/data/1751965432_id': [Errno 2] No such file or directory: 'C:/Users/ПК/Desktop/ИванДом БОТ/data/1751965432_id'
[2025-07-09 16:50:38.159220] Ошибка записи в файл 'C:/Users/ПК/Desktop/ИванДом БОТ/data/1751965432_id': [Errno 2] No such file or directory: 'C:/Users/ПК/Desktop/ИванДом БОТ/data/1751965432_id'
[2025-07-09 16:50:40.765184] Ошибка записи в файл 'C:/Users/ПК/Desktop/ИванДом БОТ/data/1751965432_id': [Errno 2] No such file or directory: 'C:/Users/ПК/Desktop/ИванДом БОТ/data/1751965432_id'
[2025-07-09 16:51:30.465128] Ошибка записи в файл 'C:/Users/ПК/Desktop/ИванДом БОТ/data/1751965432_id': [Errno 2] No such file or directory: 'C:/Users/ПК/Desktop/ИванДом БОТ/data/1751965432_id'
[2025-07-09 16:51:33.260830] Ошибка записи в файл 'C:/Users/ПК/Desktop/ИванДом БОТ/data/1751965432_id': [Errno 2] No such file or directory: 'C:/Users/ПК/Desktop/ИванДом БОТ/data/1751965432_id'
[2025-07-09 16:51:36.476661] Ошибка записи в файл 'C:/Users/ПК/Desktop/ИванДом БОТ/data/1751965432_id': [Errno 2] No such file or directory: 'C:/Users/ПК/Desktop/ИванДом БОТ/data/1751965432_id'
[2025-07-09 16:53:10.246498] Ошибка записи в файл 'C:/Users/ПК/Desktop/ИванДом БОТ/data/7893334425_id': [Errno 2] No such file or directory: 'C:/Users/ПК/Desktop/ИванДом БОТ/data/7893334425_id'
[2025-07-09 16:53:18.744986] Ошибка записи в файл 'C:/Users/ПК/Desktop/ИванДом БОТ/data/7893334425_id': [Errno 2] No such file or directory: 'C:/Users/ПК/Desktop/ИванДом БОТ/data/7893334425_id'
[2025-07-09 16:53:21.144771] Ошибка записи в файл 'C:/Users/ПК/Desktop/ИванДом БОТ/data/7893334425_id': [Errno 2] No such file or directory: 'C:/Users/ПК/Desktop/ИванДом БОТ/data/7893334425_id'
[2025-07-13 15:22:47.272878] Неверный тип: data должно быть строкой.
[2025-07-14 17:38:15.105270] Ошибка записи в файл '/home/bot/remake (6)/remake (5)/remake/data/1184924981_id': [Errno 2] No such file or directory: '/home/bot/remake (6)/remake (5)/remake/data/1184924981_id'
[2025-07-14 17:38:18.615486] Ошибка записи в файл '/home/bot/remake (6)/remake (5)/remake/data/1184924981_id': [Errno 2] No such file or directory: '/home/bot/remake (6)/remake (5)/remake/data/1184924981_id'
[2025-07-14 17:38:22.325868] Ошибка записи в файл '/home/bot/remake (6)/remake (5)/remake/data/1184924981_id': [Errno 2] No such file or directory: '/home/bot/remake (6)/remake (5)/remake/data/1184924981_id'
[2025-07-14 17:38:24.618500] Ошибка записи в файл '/home/bot/remake (6)/remake (5)/remake/data/1184924981_id': [Errno 2] No such file or directory: '/home/bot/remake (6)/remake (5)/remake/data/1184924981_id'
[2025-07-14 17:38:26.071238] Ошибка записи в файл '/home/bot/remake (6)/remake (5)/remake/data/1184924981_id': [Errno 2] No such file or directory: '/home/bot/remake (6)/remake (5)/remake/data/1184924981_id'
[2025-07-14 17:38:27.508470] Ошибка записи в файл '/home/bot/remake (6)/remake (5)/remake/data/1184924981_id': [Errno 2] No such file or directory: '/home/bot/remake (6)/remake (5)/remake/data/1184924981_id'
[2025-07-14 17:38:29.299822] Ошибка записи в файл '/home/bot/remake (6)/remake (5)/remake/data/1184924981_id': [Errno 2] No such file or directory: '/home/bot/remake (6)/remake (5)/remake/data/1184924981_id'
[2025-07-14 17:38:30.149819] Ошибка записи в файл '/home/bot/remake (6)/remake (5)/remake/data/1184924981_id': [Errno 2] No such file or directory: '/home/bot/remake (6)/remake (5)/remake/data/1184924981_id'
[2025-07-14 17:38:32.181457] Ошибка записи в файл '/home/bot/remake (6)/remake (5)/remake/data/1184924981_id': [Errno 2] No such file or directory: '/home/bot/remake (6)/remake (5)/remake/data/1184924981_id'
[2025-07-14 17:38:33.138320] Ошибка записи в файл '/home/bot/remake (6)/remake (5)/remake/data/1184924981_id': [Errno 2] No such file or directory: '/home/bot/remake (6)/remake (5)/remake/data/1184924981_id'
[2025-07-14 17:38:36.038191] Ошибка записи в файл '/home/bot/remake (6)/remake (5)/remake/data/1184924981_id': [Errno 2] No such file or directory: '/home/bot/remake (6)/remake (5)/remake/data/1184924981_id'
[2025-07-14 17:38:38.595891] Ошибка записи в файл '/home/bot/remake (6)/remake (5)/remake/data/1184924981_id': [Errno 2] No such file or directory: '/home/bot/remake (6)/remake (5)/remake/data/1184924981_id'
[2025-07-14 17:38:39.513191] Ошибка записи в файл '/home/bot/remake (6)/remake (5)/remake/data/1184924981_id': [Errno 2] No such file or directory: '/home/bot/remake (6)/remake (5)/remake/data/1184924981_id'
[2025-07-14 17:38:40.993521] Ошибка записи в файл '/home/bot/remake (6)/remake (5)/remake/data/1184924981_id': [Errno 2] No such file or directory: '/home/bot/remake (6)/remake (5)/remake/data/1184924981_id'
[2025-07-14 17:38:42.728903] Ошибка записи в файл '/home/bot/remake (6)/remake (5)/remake/data/1184924981_id': [Errno 2] No such file or directory: '/home/bot/remake (6)/remake (5)/remake/data/1184924981_id'
[2025-07-14 17:38:44.408652] Ошибка записи в файл '/home/bot/remake (6)/remake (5)/remake/data/1184924981_id': [Errno 2] No such file or directory: '/home/bot/remake (6)/remake (5)/remake/data/1184924981_id'
[2025-07-14 17:38:47.182207] Ошибка записи в файл '/home/bot/remake (6)/remake (5)/remake/data/1184924981_id': [Errno 2] No such file or directory: '/home/bot/remake (6)/remake (5)/remake/data/1184924981_id'
[2025-07-14 17:38:48.219875] Ошибка записи в файл '/home/bot/remake (6)/remake (5)/remake/data/1184924981_id': [Errno 2] No such file or directory: '/home/bot/remake (6)/remake (5)/remake/data/1184924981_id'
[2025-07-14 17:38:53.684984] Ошибка записи в файл '/home/bot/remake (6)/remake (5)/remake/data/1184924981_id': [Errno 2] No such file or directory: '/home/bot/remake (6)/remake (5)/remake/data/1184924981_id'
[2025-07-14 17:38:54.616879] Ошибка записи в файл '/home/bot/remake (6)/remake (5)/remake/data/1184924981_id': [Errno 2] No such file or directory: '/home/bot/remake (6)/remake (5)/remake/data/1184924981_id'
